"pack_metadata","pack_side","jar_filename","mod_id","mod_name","version","classification","discovery_batch","source_repository","repository_host","mapping_status","version_match_status","evidence_basis","evidence_url","notes"
"aeroclaims.pw.toml","both","aeroclaims-0.9.3.jar","aeroclaims","Create Aeronautics: Claims (FTB/OPAC)","0.9.3","gameplay_primary","01_core_create_aeronautics_cc_weapons","https://github.com/Mapter322/Aeronautics-Claims","github.com","repository_verified","exact_curseforge_file_id","curseforge_export_manifest_and_modlist","https://www.curseforge.com/minecraft/mc-mods/aeronautics-claims/files/8493955","CurseForge projectID=1514529; fileID=8493955; author=Mapter; category=01_core_create_aeronautics_cc_weapons; Semantic version and managed JAR filename are not embedded in the CurseForge export; the exact installed artifact is pinned by CurseForge file ID. Installed artifact filename verified from mods-files.txt; version resolved from the installed filename without inspecting JAR internals."
"aeronautics_bundled.pw.toml","both","create-aeronautics-bundled-1.21.1-1.3.1.jar","aeronautics_bundled","Create Aeronautics","1.3.1","gameplay_primary","01_core_create_aeronautics_cc_weapons","https://github.com/Creators-of-Aeronautics/Simulated-Project","github.com","repository_verified","exact_version_and_file","curseforge_file_page_export_manifest_and_public_source","https://www.curseforge.com/minecraft/mc-mods/create-aeronautics/files/8666959","CurseForge projectID=676721; fileID=8666959; author=ryanhcode; category=01_core_create_aeronautics_cc_weapons Installed artifact filename verified from mods-files.txt; version resolved from the installed filename without inspecting JAR internals."
"alltheleaks.pw.toml","both","alltheleaks-1.1.12+1.21.1-neoforge.jar","alltheleaks","AllTheLeaks (Memory Leak Fix)","1.1.12","performance_infrastructure","08_performance_stability_networking","https://github.com/pietro-lopes/AllTheLeaks","github.com","repository_verified","pending","official_project_source_link","https://github.com/pietro-lopes/AllTheLeaks","The official CurseForge project Source link identifies this canonical implementation repository; no straightforward matching release or tag was verified."
"amendments.pw.toml","both","amendments-1.21-2.1.9-neoforge.jar","amendments","Amendments","2.1.9","gameplay_primary","04_building_decor_general_content","https://github.com/MehVahdJukaar/amendments","github.com","repository_verified","source_aligned","author_owned_repository_metadata_identity_match","https://github.com/MehVahdJukaar/amendments","Author-owned implementation repository matches the project name and loaders; no exact tag or commit pinned."
"appleskin.pw.toml","both","appleskin-neoforge-mc1.21-3.0.9.jar","appleskin","AppleSkin","3.0.9","gameplay_support","06_qol_ui_maps_social_progression","https://github.com/squeek502/AppleSkin","github.com","repository_verified","pending","official_project_source_link","https://github.com/squeek502/AppleSkin","Official project Source link resolves to this implementation repository; no exact source tag was verified for version 3.0.9."
"architectury-api.pw.toml","both","architectury-13.0.11-neoforge.jar","architectury-api","Architectury API","13.0.11","library_dependency","09_libraries_apis_compat_loaders","https://github.com/architectury/architectury-api","github.com","repository_verified","pending","official_project_source_link","https://github.com/architectury/architectury-api","Official project Source link resolves to the canonical repository; no exact installed release or tag was obvious."
"azimuth-api.pw.toml","both","azimuth-1.4.7.jar","azimuth-api","Azimuth API","1.4.7","library_dependency","09_libraries_apis_compat_loaders","https://github.com/Aztech-Modding/Azimuth","github.com","repository_verified","pending","author_owned_repository_metadata_identity_match","https://github.com/Aztech-Modding/Azimuth","No Source link was provided; the author-owned repository README and project metadata identify the Azimuth library. No exact installed release or tag was obvious."
"backpacked.pw.toml","both","backpacked-neoforge-1.21.1-3.0.5.jar","backpacked","Backpacked","3.0.5","gameplay_support","06_qol_ui_maps_social_progression","https://github.com/MrCrayfish/Backpacked","github.com","exact_commit_pinned","exact_commit","official_release_tag_and_source_metadata_match","https://github.com/MrCrayfish/Backpacked/releases/tag/v1.21.1-3.0.5","Official source repository and exact tag v1.21.1-3.0.5 identify release commit 73db4d7."
"bad-wither-no-cookie-reloaded.pw.toml","both","bwncr-neoforge-1.21.1-3.20.4.jar","bad-wither-no-cookie-reloaded","Bad Wither No Cookie - Reloaded","3.20.4","performance_infrastructure","08_performance_stability_networking","https://gitlab.com/kreezxil/BadWitherNoCookie/","gitlab.com","repository_verified","pending","official_project_source_link","https://gitlab.com/kreezxil/BadWitherNoCookie/","The official CurseForge project Source link identifies this canonical implementation repository; no straightforward matching release or tag was verified."
"balm.pw.toml","both","balm-neoforge-1.21.1-21.0.65.jar","balm","Balm","21.0.65","library_dependency","09_libraries_apis_compat_loaders","https://github.com/TwelveIterations/Balm","github.com","repository_verified","exact_release_or_tag","official_release_tag_and_source_metadata_match","https://github.com/TwelveIterations/Balm/releases/tag/v21.0.65","Official CurseForge Source link and GitHub release v21.0.65 match the installed version."
"bellsandwhistles.pw.toml","both","bellsandwhistles-0.4.7-1.21.1.jar","bellsandwhistles","Create: Bells & Whistles","0.4.7","gameplay_primary","02_create_engineering_transport_logistics","https://github.com/aesefficio/BellsAndWhistlesMod","github.com","repository_verified","exact_release_or_tag","official_release_tag_and_source_metadata_match","https://github.com/aesefficio/BellsAndWhistlesMod/tree/v0.4.7","Official source repository has exact tag v0.4.7 matching installed version 0.4.7."
"better-compatibility-checker.pw.toml","both","better-compatability-checker-neoforge-21.1.8.jar","better-compatibility-checker","Better Compatibility Checker","21.1.8","gameplay_support","06_qol_ui_maps_social_progression","https://github.com/nanite/BetterCompatibilityChecker","github.com","exact_commit_pinned","exact_commit","official_release_tag_and_source_metadata_match","https://github.com/nanite/BetterCompatibilityChecker/releases/tag/v21.1.8","The official repository tag v21.1.8 matches the installed version and identifies commit 53339b5."
"bisecthosting-server-integration-menu-neoforge.pw.toml","both","BHMenu-NeoForge-1.21-2.4.4.jar","bisecthosting-server-integration-menu-neoforge","BisectHosting Server Integration Menu [NEOFORGE]","2.4.4","gameplay_support","06_qol_ui_maps_social_progression","","","no_verifiable_public_repository_found","not_applicable","official_project_page_and_repository_search_no_mapping","https://www.curseforge.com/minecraft/mc-mods/bisecthosting-server-integration-menu-neoforge/files/7205496","Official project provides no Source link. Targeted searches by project name, author, and slug found no verifiable public implementation repository as of 2026-09-07."
"blueprint.pw.toml","both","blueprint-1.21.1-8.1.1.jar","blueprint","Blueprint","8.1.1","library_dependency","09_libraries_apis_compat_loaders","https://github.com/team-abnormals/blueprint","github.com","repository_verified","pending","official_project_source_link","https://github.com/team-abnormals/blueprint","Official project Source link resolves to the canonical repository; no exact installed release or tag was obvious."
"boat-item-view-forge.pw.toml","both","boatiview-neoforge-0.0.6-1.21.1.jar","boat-item-view-forge","Boat Item View (Forge/Neoforge)","0.0.6","gameplay_support","06_qol_ui_maps_social_progression","https://github.com/50ap5ud5/BoatItemView","github.com","repository_verified","pending","official_project_source_link","https://github.com/50ap5ud5/BoatItemView","Official project Source link resolves to this implementation repository; no exact source tag was verified for version 0.0.6."
"boatload.pw.toml","both","boatload-1.21.1-6.0.2.jar","boatload","Boatload","6.0.2","gameplay_primary","04_building_decor_general_content","https://github.com/team-abnormals/boatload","github.com","repository_verified","source_aligned","official_project_source_link","https://www.curseforge.com/minecraft/mc-mods/boatload","Official CurseForge Source link; no exact public tag or commit pinned."
"bookshelf.pw.toml","both","bookshelf-neoforge-1.21.1-21.1.81.jar","bookshelf","Bookshelf","21.1.81","library_dependency","09_libraries_apis_compat_loaders","https://github.com/Darkhax-Minecraft/Bookshelf","github.com","repository_verified","pending","official_project_source_link","https://github.com/Darkhax-Minecraft/Bookshelf","Official project Source link resolves to the canonical repository; no exact installed release or tag was obvious."
"borderless-window.pw.toml","client","borderless-neoforge-1.21.1-1.7.5_1-all.jar","borderlesswindow","Borderless Window","1.7.5_1","client_presentation","07_visuals_menus_animation_shaders","","","source_not_rechecked_for_current_release","exact_installed_artifact","official_provider_release_and_installed_jar_metadata","https://modrinth.com/mod/borderless-window/version/fAp1G5Ro","Current official client-only provider artifact; public-source mapping was not refreshed for this supplemental release catalog."
"caelus.pw.toml","both","caelus-neoforge-7.0.1+1.21.1.jar","caelus","Caelus API","7.0.1","library_dependency","09_libraries_apis_compat_loaders","https://github.com/illusivesoulworks/caelus","github.com","repository_verified","pending","official_project_source_link","https://github.com/illusivesoulworks/caelus","Official project Source link resolves to the canonical repository; no exact installed release or tag was obvious."
"chat-heads.pw.toml","client","chat_heads-0.15.7-neoforge-1.21.jar","chat-heads","Chat Heads","0.15.7","gameplay_support","06_qol_ui_maps_social_progression","https://github.com/dzwdz/chat_heads","github.com","repository_verified","pending","official_project_source_link","https://github.com/dzwdz/chat_heads","Official project Source link resolves to this implementation repository; no exact source tag was verified for version 0.15.7."
"chunk-activity-tracker.pw.toml","both","chunkactivitytracker-neoforge-1.0.1-1.21.1.jar","chunk-activity-tracker","Chunk Activity Tracker","1.0.1","performance_infrastructure","08_performance_stability_networking","https://github.com/txnimc/ChunkActivityTracker","github.com","repository_verified","pending","official_project_source_link","https://github.com/txnimc/ChunkActivityTracker","The official CurseForge project Source link identifies this canonical implementation repository; no straightforward matching release or tag was verified."
"client-crafting.pw.toml","both","clientcrafting-1.21-2.1.jar","client-crafting","Client Crafting","2.1","performance_infrastructure","08_performance_stability_networking","https://github.com/someaddons/clientcrafting","github.com","repository_verified","pending","official_project_source_link","https://github.com/someaddons/clientcrafting","The official CurseForge project Source link identifies this canonical implementation repository; no straightforward matching release or tag was verified."
"climbable_ropes.pw.toml","both","climbable_ropes-2.1.1.jar","climbable_ropes","Climbable Ropes for Create Aeronautics","2.1.1","gameplay_primary","01_core_create_aeronautics_cc_weapons","https://github.com/matejhozlar/Create-Aeronautics-Climbable-Ropes","github.com","repository_verified","exact_release_or_tag","official_release_tag_and_source_metadata_match","https://github.com/matejhozlar/Create-Aeronautics-Climbable-Ropes/tree/v2.1.1","Official source repository has exact tag v2.1.1 matching installed version 2.1.1."
"cloth-config.pw.toml","both","cloth-config-15.0.140-neoforge.jar","cloth-config","Cloth Config API (Fabric/Forge/NeoForge)","15.0.140","library_dependency","09_libraries_apis_compat_loaders","https://github.com/shedaniel/cloth-config","github.com","repository_verified","pending","official_project_source_link","https://github.com/shedaniel/cloth-config","Official project Source link resolves to the canonical repository; no exact installed release or tag was obvious."
"clumps.pw.toml","both","Clumps-neoforge-1.21.1-19.0.0.1.jar","clumps","Clumps","19.0.0.1","performance_infrastructure","08_performance_stability_networking","https://github.com/jaredlll08/Clumps","github.com","repository_verified","pending","official_project_source_link","https://github.com/jaredlll08/Clumps","The official CurseForge project Source link identifies this canonical implementation repository; no straightforward matching release or tag was verified."
"collective.pw.toml","both","collective-1.21.1-8.39.jar","collective","Collective","8.39","library_dependency","09_libraries_apis_compat_loaders","https://github.com/Serilum/Collective","github.com","repository_verified","pending","official_project_source_link","https://github.com/Serilum/Collective","Official project Source link resolves to the canonical repository; no exact installed release or tag was obvious."
"colorwheel.pw.toml","client","colorwheel-neoforge-1.2.9+mc1.21.1.jar","colorwheel","Colorwheel","1.2.9","client_visual","07_visuals_menus_animation_shaders","https://github.com/djefrey/Colorwheel","github.com","exact_commit_pinned","exact_commit","official_release_tag_and_source_metadata_match","https://github.com/djefrey/Colorwheel/releases/tag/1.2.9%2B1.21.1","Official release tag 1.2.9+1.21.1 maps to commit 842a717517d62d7ac68a9cbef9388201362dce27."
"colorwheel-patcher.pw.toml","client","colorwheel_patcher-neoforge-1.0.5+mc1.21.1.jar","colorwheel-patcher","Colorwheel Patcher","1.0.5","client_visual","07_visuals_menus_animation_shaders","https://github.com/djefrey/Colorwheel-Patcher","github.com","repository_verified","pending","official_project_source_link","https://www.curseforge.com/minecraft/mc-mods/colorwheel-patcher","Official CurseForge Source link verifies the repository; no exact public 1.0.5 tag or commit was identified."
"computercraft.pw.toml","both","cc-tweaked-1.21.1-forge-1.120.2.jar","computercraft","CC:Tweaked","1.120.2","gameplay_primary","01_core_create_aeronautics_cc_weapons","https://github.com/cc-tweaked/CC-Tweaked","github.com","repository_verified","exact_release_or_tag","official_release_tag_and_source_metadata_match","https://github.com/cc-tweaked/CC-Tweaked/tree/v1.21.1-1.120.2","Official source repository has exact tag v1.21.1-1.120.2 matching installed version 1.120.2."
"configurable.pw.toml","both","configurable-3.5.2+1.21.1-neoforge.jar","configurable","Configurable","3.5.2","gameplay_support","06_qol_ui_maps_social_progression","https://github.com/Bawnorton/Configurable","github.com","repository_verified","pending","official_project_source_link","https://github.com/Bawnorton/Configurable","Official project Source link resolves to this implementation repository; no exact source tag was verified for version 3.5.2."
"configured-defaults.pw.toml","both","ConfiguredDefaults-v21.1.3-1.21.1-NeoForge.jar","configured-defaults","Configured Defaults","21.1.3","gameplay_support","06_qol_ui_maps_social_progression","https://github.com/Fuzss/configured-defaults","github.com","repository_verified","pending","official_project_source_link","https://github.com/Fuzss/configured-defaults","Official project Source link resolves to this implementation repository; no exact source tag was verified for version 21.1.3."
"connectivity.pw.toml","both","connectivity-1.21.1-7.6.jar","connectivity","Connectivity","7.6","performance_infrastructure","08_performance_stability_networking","https://github.com/someaddons/connectivity","github.com","repository_verified","pending","official_project_source_link","https://github.com/someaddons/connectivity","The official CurseForge project Source link identifies this canonical implementation repository; no straightforward matching release or tag was verified."
"continuity.pw.toml","both","continuity-3.0.0+1.21.neoforge.jar","continuity","Continuity","3.0.0+1.21","client_visual","07_visuals_menus_animation_shaders","https://github.com/PepperCode1/Continuity","github.com","exact_commit_pinned","exact_commit","official_release_tag_and_source_metadata_match","https://github.com/PepperCode1/Continuity/releases/tag/v3.0.0%2B1.21","Official release tag v3.0.0+1.21 maps to commit 9d73e905777c700dd701bf995a87ea3fce4ce197."
"controlling.pw.toml","client","Controlling-neoforge-1.21.1-19.0.5.jar","controlling","Controlling","19.0.5","gameplay_support","06_qol_ui_maps_social_progression","https://github.com/jaredlll08/Controlling","github.com","repository_verified","pending","official_project_source_link","https://github.com/jaredlll08/Controlling","Official project Source link resolves to this implementation repository; no exact source tag was verified for version 19.0.5."
"copycats.pw.toml","both","copycats-3.0.8+mc.1.21.1-neoforge.jar","copycats","Create: Copycats+","3.0.8","gameplay_primary","04_building_decor_general_content","https://github.com/copycats-plus/copycats","github.com","exact_commit_pinned","exact_commit","official_release_tag_and_source_metadata_match","https://github.com/copycats-plus/copycats/releases/tag/v3.0.8%2Bmc1.21.1","Official tag v3.0.8+mc1.21.1 matches the installed version and identifies commit 778dfa7."
"copycats-aeronautics-weight.pw.toml","both","aerocopycats-1.1.1.jar","copycats-aeronautics-weight","Copycats+ aeronautics weight","1.1.1","gameplay_primary","01_core_create_aeronautics_cc_weapons","","","no_verifiable_public_repository_found","not_applicable","official_project_page_and_repository_search_no_mapping","https://www.curseforge.com/minecraft/mc-mods/copycats-aeronautics-weight","Official project provides no valid implementation Source link. Targeted searches by project name, author, and project slug found no verifiable public implementation repository as of 2026-09-07."
"coroutil.pw.toml","both","coroutil-neoforge-1.21.0-1.3.9.jar","coroutil","CoroUtil","1.3.9","library_dependency","09_libraries_apis_compat_loaders","https://github.com/Corosauce/CoroUtil","github.com","repository_verified","pending","official_project_source_link","https://github.com/Corosauce/CoroUtil","Official project Source link resolves to the canonical repository; no exact installed release or tag was obvious."
"corpse.pw.toml","both","corpse-neoforge-1.21.1-1.1.13.jar","corpse","Corpse","1.1.13","gameplay_support","06_qol_ui_maps_social_progression","https://github.com/henkelmax/corpse","github.com","repository_verified","pending","official_project_source_link","https://github.com/henkelmax/corpse","Official project Source link resolves to this implementation repository; no exact source tag was verified for version 1.1.13."
"crash-assistant.pw.toml","both","CrashAssistant-neoforge-1.20.6-1.21.4-1.11.12.jar","crash-assistant","Crash Assistant","1.11.12","performance_infrastructure","08_performance_stability_networking","https://github.com/KostromDan/Crash-Assistant","github.com","repository_verified","pending","official_project_source_link","https://github.com/KostromDan/Crash-Assistant","The official CurseForge project Source link identifies this canonical implementation repository; no straightforward matching release or tag was verified."
"craterlib.pw.toml","both","CraterLib-Neoforge-1.21-3.1.2.jar","craterlib","CraterLib","3.1.2","library_dependency","09_libraries_apis_compat_loaders","https://github.com/firstdarkdev/CraterLib","github.com","repository_verified","pending","official_project_source_link","https://github.com/firstdarkdev/CraterLib","Official CurseForge Source link redirects from the mirror name to the canonical CraterLib repository; no exact installed release or tag was obvious."
"create.pw.toml","both","create-1.21.1-6.0.10.jar","create","Create","6.0.10","gameplay_primary","01_core_create_aeronautics_cc_weapons","https://github.com/Creators-of-Create/Create","github.com","repository_verified","exact_release_or_tag","official_release_tag_and_source_metadata_match","https://github.com/Creators-of-Create/Create/tree/mc1.21.1-6.0.10","Official source repository has exact tag mc1.21.1-6.0.10 matching installed version 6.0.10."
"create_avionics.pw.toml","both","create_avionics-neoforge-1.21.1-0.6.0.jar","create_avionics","Create: Avionics — ComputerCraft for Aeronautics","0.6.0","gameplay_primary","01_core_create_aeronautics_cc_weapons","https://github.com/SolAstrius/CreateAvionics","github.com","repository_verified","exact_release_or_tag","official_release_tag_and_source_metadata_match","https://github.com/SolAstrius/CreateAvionics/tree/v0.6.0","Official source repository has exact tag v0.6.0 matching installed version 0.6.0."
"create_submarine.pw.toml","both","create_submarine-2.2.4.jar","create_submarine","Create Deep Seas","2.2.4","gameplay_primary","01_core_create_aeronautics_cc_weapons","https://github.com/MaxCreateMC/Create-Deep-Seas","github.com","repository_verified","exact_version_and_file","curseforge_file_page_export_manifest_and_public_source","https://www.curseforge.com/minecraft/mc-mods/create-deep-seas/files/8268622","CurseForge projectID=1533137; fileID=8268622; author=MaxCreateMC; category=01_core_create_aeronautics_cc_weapons; Shenanigans addition over AoCA 2.5 Installed artifact filename verified from mods-files.txt; version resolved from the installed filename without inspecting JAR internals."
"createaddition.pw.toml","both","createaddition-1.6.0.jar","createaddition","Create Crafts & Additions","1.6.0","gameplay_primary","02_create_engineering_transport_logistics","https://github.com/mrh0/createaddition","github.com","repository_verified","source_aligned","official_project_source_link","https://github.com/mrh0/createaddition","Official CurseForge Source link identifies the repository; no exact 1.6.0 tag or release was found in a brief check."
"create-aeronautics-gadgets-and-gizmos.pw.toml","both","createthrusters-bundled-V1.1.3.jar","create-aeronautics-gadgets-and-gizmos","Create Aeronautics: Gadgets & Gizmos","1.1.3","gameplay_primary","01_core_create_aeronautics_cc_weapons","","","no_verifiable_public_repository_found","not_applicable","official_project_page_and_repository_search_no_mapping","https://www.curseforge.com/minecraft/mc-mods/create-aeronautics-gadgets-and-gizmos","Official project provides no valid implementation Source link. Targeted searches by project name, author, and project slug found no verifiable public implementation repository as of 2026-09-07."
"create-aeronautics-throwable-rope-connector.pw.toml","both","create_aeronautics_throwable_rope_connector-0.4.3.jar","create-aeronautics-throwable-rope-connector","Create Aeronautics: Throwable Rope Connector","0.4.3","gameplay_primary","01_core_create_aeronautics_cc_weapons","https://github.com/sprocketaudio/Create-Aeronautics-Throwable-Rope-Connector","github.com","repository_verified","source_aligned","official_project_source_link","https://github.com/sprocketaudio/Create-Aeronautics-Throwable-Rope-Connector","Official CurseForge Source link identifies the repository; no exact 0.4.3 tag or release was found in a brief check."
"create-aeronautics-x-curios-api-compat.pw.toml","both","createaeronauticscurios-neoforge-1.21.1-2.2.jar","create-aeronautics-x-curios-api-compat","Create Aeronautics x Curios API Compat","2.2","gameplay_primary","01_core_create_aeronautics_cc_weapons","","","no_verifiable_public_repository_found","not_applicable","official_project_page_and_repository_search_no_mapping","https://www.curseforge.com/minecraft/mc-mods/create-aeronautics-x-curios-api-compat","Official project provides no valid implementation Source link. Targeted searches by project name, author, and project slug found no verifiable public implementation repository as of 2026-09-07."
"create-aeroworks.pw.toml","both","aeroworks-1.5.0.jar","create-aeroworks","Create: Aeroworks","1.5.0","gameplay_primary","01_core_create_aeronautics_cc_weapons","","","no_verifiable_public_repository_found","not_applicable","official_project_page_and_repository_search_no_mapping","https://www.curseforge.com/minecraft/mc-mods/create-aeroworks","Official project provides no valid implementation Source link. Targeted searches by project name, author, and project slug found no verifiable public implementation repository as of 2026-09-07."
"create-aquatic-ambitions.pw.toml","both","create_aquatic_ambitions-1.21.1-2.0.4.jar","create-aquatic-ambitions","Create: Aquatic Ambitions","2.0.4","gameplay_primary","02_create_engineering_transport_logistics","https://github.com/davioliva16/create-aquatic-ambitions","github.com","repository_verified","source_aligned","official_project_source_link","https://github.com/davioliva16/create-aquatic-ambitions","Official CurseForge Source link identifies the repository; no exact 2.0.4 tag or release was found in a brief check."
"createbigcannons.pw.toml","both","createbigcannons-5.11.7+mc.1.21.1.jar","createbigcannons","Create Big Cannons","5.11.7","gameplay_primary","01_core_create_aeronautics_cc_weapons","https://github.com/Cannoneers-of-Create/CreateBigCannons","github.com","repository_verified","exact_release_or_tag","official_release_tag_and_source_metadata_match","https://github.com/Cannoneers-of-Create/CreateBigCannons/tree/v5.11.7%2Bmc.1.21.1","Official source repository has exact tag v5.11.7+mc.1.21.1 matching installed version 5.11.7."
"create-bits-n-bobs.pw.toml","both","bits_n_bobs-2.2.7.jar","create-bits-n-bobs","Create: Bits 'n' Bobs","2.2.7","gameplay_primary","04_building_decor_general_content","https://github.com/Aztech-Modding/Create-Bits-n-Bobs","github.com","repository_verified","source_aligned","official_project_source_link","https://www.curseforge.com/minecraft/mc-mods/create-bits-n-bobs","Official Source link redirects to the current organization repository; no exact tag or commit pinned."
"create-blaze-burner-fuels.pw.toml","both","create_blaze_burner_fuels-1.0.2-neoforge-1.21.1.jar","create-blaze-burner-fuels","Create: Blaze Burner Fuels","1.0.2","gameplay_primary","02_create_engineering_transport_logistics","","","no_verifiable_public_repository_found","not_applicable","official_project_page_and_repository_search_no_mapping","https://www.curseforge.com/minecraft/mc-mods/create-blaze-burner-fuels","Official project provides no valid implementation Source link. Targeted searches by project name, author, and project slug found no verifiable public implementation repository as of 2026-09-07."
"create-blocks-bogies.pw.toml","both","create_bb-1.0.8-1.21.1.jar","create-blocks-bogies","Create: Blocks & Bogies","1.0.8","gameplay_primary","02_create_engineering_transport_logistics","https://github.com/WeidosOddities/Blocks-And-Bogies","github.com","repository_verified","exact_release_or_tag","official_release_tag_and_source_metadata_match","https://github.com/WeidosOddities/Blocks-And-Bogies/tree/1.0.8","Official source repository has exact tag 1.0.8 matching installed version 1.0.8."
"create-cafe.pw.toml","both","createcafe-1.4.3.jar","create-cafe","Create Cafe","1.4.3","gameplay_primary","03_food_farming_cooking","https://github.com/1mphuls3/CreateCafe","github.com","repository_verified","source_aligned","official_project_source_link","https://www.curseforge.com/minecraft/mc-mods/create-cafe","Official CurseForge Source link; no exact public tag or commit pinned."
"create-central-kitchen.pw.toml","both","create-central-kitchen-2.6.0.jar","create-central-kitchen","Create: Central Kitchen","2.6.0","gameplay_primary","03_food_farming_cooking","https://github.com/DragonsPlusMinecraft/CreateCentralKitchen","github.com","repository_verified","source_aligned","official_project_source_link","https://www.curseforge.com/minecraft/mc-mods/create-central-kitchen","Official CurseForge Source link; no exact public tag or commit pinned."
"create-chocolate-fountain.pw.toml","both","create_chocolate_fountain-1.21.1-1.1.0.jar","create-chocolate-fountain","Create: Chocolate Fountain","1.1.0","gameplay_primary","03_food_farming_cooking","https://github.com/flaulox/CreateChocolateFountain","github.com","repository_verified","source_aligned","official_project_source_link","https://www.curseforge.com/minecraft/mc-mods/create-chocolate-fountain","Official CurseForge Source link; no exact public tag or commit pinned."
"create-confectionery.pw.toml","both","create-confectionery1.21.1_v1.1.3b.jar","create-confectionery","Create Confectionery","1.1.3b","gameplay_primary","03_food_farming_cooking","","","no_verifiable_public_repository_found","not_applicable","official_project_page_and_repository_search_no_mapping","https://www.curseforge.com/minecraft/mc-mods/create-confectionery","Official Source link points to YouTube. Modrinth and targeted project-name and author searches found no verifiable implementation repository as of 2026-09-07."
"create-connected.pw.toml","both","create_connected-1.3.2-mc1.21.1.jar","create-connected","Create: Connected","1.3.2","gameplay_primary","02_create_engineering_transport_logistics","https://github.com/hlysine/create_connected","github.com","repository_verified","exact_release_or_tag","official_release_tag_and_source_metadata_match","https://github.com/hlysine/create_connected/tree/1.3.2-mc1.21.1","Official source repository has exact tag 1.3.2-mc1.21.1 matching installed version 1.3.2."
"create-copper-splashing.pw.toml","both","coppersplashing_1.21.1_v1.jar","create-copper-splashing","Create: Copper Splashing","1","gameplay_integration","10_aoca_specific_authored_pack_layer","","","no_verifiable_public_repository_found","not_applicable","official_project_page_and_repository_search_no_mapping","https://www.curseforge.com/minecraft/mc-mods/create-copper-splashing/files/7370476","Official project provides no Source link. Author-profile review and targeted searches found no verifiable public implementation repository as of 2026-09-07."
"create-deco.pw.toml","both","createdeco-2.1.3.jar","createdeco","Create Deco","2.1.3","gameplay_primary","04_building_decor_general_content","https://github.com/talrey/CreateDeco","github.com","repository_verified","source_aligned","public_source_tree_and_exact_provider_artifact","https://modrinth.com/mod/create-deco/version/qrcMVoBD","Public source tree revision 996780bed4549d7b1d0dec65f06d5129e69330ba was inspected; it was not asserted to be the exact release source."
"create-deep-dark.pw.toml","both","create_deep_dark-3.0.2-neoforge-1.21.1.jar","create-deep-dark","Create: Deep Dark","3.0.2","gameplay_primary","05_worldgen_structures_adventure","","","no_verifiable_public_repository_found","not_applicable","official_project_page_and_repository_search_no_mapping","https://www.curseforge.com/minecraft/mc-mods/create-deep-dark","Official CurseForge and Modrinth pages provide no Source link. The author's similarly named GitHub repository is translation-only; no implementation repository was verified as of 2026-09-07."
"create-design-n-decor.pw.toml","both","Design-n-Decor-1.21.1-2.2b.jar","create-design-n-decor","Create: Design n' Decor","2.2b","gameplay_primary","04_building_decor_general_content","https://github.com/DrMango14/Create-Design-n-Decor","github.com","repository_verified","source_aligned","official_project_source_link","https://www.curseforge.com/minecraft/mc-mods/create-design-n-decor","Official CurseForge Source link; no exact public tag or commit pinned."
"create-diesel-generators.pw.toml","both","createdieselgenerators-1.21.1-1.3.15.jar","create-diesel-generators","Create: Diesel Generators","1.3.15","gameplay_primary","02_create_engineering_transport_logistics","https://github.com/george8188625/Create-Diesel-Generators","github.com","repository_verified","source_aligned","official_project_source_link","https://github.com/george8188625/Create-Diesel-Generators","Official CurseForge Source link identifies the repository; no exact 1.3.15 tag or release was found in a brief check."
"create-dragons-plus.pw.toml","both","CreateDragonsPlus-1.11.7b.jar","create-dragons-plus","Create: Dragons Plus","1.11.7b","gameplay_primary","02_create_engineering_transport_logistics","https://github.com/DragonsPlusMinecraft/CreateDragonsPlus","github.com","repository_verified","source_aligned","official_project_source_link","https://github.com/DragonsPlusMinecraft/CreateDragonsPlus","Official CurseForge Source link identifies the repository; no exact 1.11.7b tag or release was found in a brief check."
"create-dreams-desires.pw.toml","both","DnDesires-1.21.1-2.3a-BETA.jar","create-dreams-desires","Create: Dreams n' Desires","2.3a-BETA","gameplay_primary","02_create_engineering_transport_logistics","https://github.com/LopyLuna/Create-Dreams-and-Desires","github.com","repository_verified","source_aligned","official_project_source_link","https://github.com/LopyLuna/Create-Dreams-and-Desires","Official CurseForge Source link identifies the repository; no exact 2.3a-BETA tag or release was found in a brief check."
"create-electro-energetics.pw.toml","both","electroenergetics-1.21.1-1.1.1.jar","create-electro-energetics","Create: Electro Energetics","1.1.1","gameplay_primary","02_create_engineering_transport_logistics","https://github.com/george8188625/Create-Electro-Energetics","github.com","repository_verified","source_aligned","official_project_source_link","https://github.com/george8188625/Create-Electro-Energetics","Official CurseForge Source link identifies the repository; no exact 1.1.1 tag or release was found in a brief check."
"create-encased.pw.toml","both","Create Encased-1.21.1-1.9.0-ht3.jar","create-encased","Create Encased","1.9.0-ht3","gameplay_primary","04_building_decor_general_content","https://github.com/iglee42/CreateCasing","github.com","repository_verified","source_aligned","official_project_source_link","https://www.curseforge.com/minecraft/mc-mods/create-encased","Official Source vanity URL resolves to this author-owned implementation repository; no exact tag or commit pinned."
"create-enchantment-industry.pw.toml","both","create-enchantment-industry-2.4.2.jar","create-enchantment-industry","Create: Enchantment Industry","2.4.2","gameplay_primary","02_create_engineering_transport_logistics","https://github.com/DragonsPlusMinecraft/CreateEnchantmentIndustry","github.com","repository_verified","source_aligned","official_project_source_link","https://github.com/DragonsPlusMinecraft/CreateEnchantmentIndustry","Official CurseForge Source link identifies the repository; no exact 2.4.2 tag or release was found in a brief check."
"create-escalated.pw.toml","both","escalated-1.3.2-mc.1.21.1.jar","create-escalated","Create: Escalated","1.3.2","gameplay_primary","02_create_engineering_transport_logistics","https://github.com/Create-In-Locomotion/Create-Escalated","github.com","repository_verified","exact_release_or_tag","official_release_tag_and_source_metadata_match","https://github.com/Create-In-Locomotion/Create-Escalated/tree/v1.3.2%2Bcreate-v6-1.21.1","Official source repository has exact tag v1.3.2+create-v6-1.21.1 matching installed version 1.3.2."
"create-factory.pw.toml","both","create_factory-0.7b-1.21.1.jar","create-factory","Create: Factory","0.7b","gameplay_primary","02_create_engineering_transport_logistics","https://github.com/Antop90fr1/CreateFactory","github.com","repository_verified","source_aligned","official_project_source_link","https://github.com/Antop90fr1/CreateFactory","Official CurseForge Source link identifies the repository; no exact 0.7b tag or release was found in a brief check."
"create-fantasizing-again.pw.toml","both","create_fantasizing-1.21.1-1.2.0-b3.jar","create-fantasizing-again","Create: Fantasizing Again","1.2.0-b3","gameplay_primary","02_create_engineering_transport_logistics","https://github.com/Ironnoob73/Create-FantasizingAgain","github.com","repository_verified","source_aligned","official_project_source_link","https://github.com/Ironnoob73/Create-FantasizingAgain","Official CurseForge Source link identifies the repository; no exact 1.2.0-b3 tag or release was found in a brief check."
"create-fast-schematiccannon.pw.toml","both","CreateFastSchematicCannon-1.4.1-neoforge-1.21.1.jar","create-fast-schematiccannon","Create: Fast SchematicCannon","1.4.1-neoforge","gameplay_primary","02_create_engineering_transport_logistics","","","no_verifiable_public_repository_found","not_applicable","official_project_page_and_repository_search_no_mapping","https://www.curseforge.com/minecraft/mc-mods/create-fast-schematiccannon","Official project provides no valid implementation Source link. Targeted searches by project name, author, and project slug found no verifiable public implementation repository as of 2026-09-07."
"create-food.pw.toml","both","createfood-neoforge-1.21.1-2.7.1.jar","create-food","Create: Food","2.7.1","gameplay_primary","03_food_farming_cooking","https://github.com/AverageAnime/create-food-multiloader","github.com","repository_verified","source_aligned","official_project_source_link","https://www.curseforge.com/minecraft/mc-mods/create-food","Official CurseForge Source link; no exact public tag or commit pinned."
"create-framed.pw.toml","both","createframed-1.21.1-1.8.2.jar","create-framed","Create: Framed","1.8.2","gameplay_primary","04_building_decor_general_content","https://github.com/DakotaPride/create-framed","github.com","repository_verified","source_aligned","official_project_source_link","https://www.curseforge.com/minecraft/mc-mods/create-framed","Official CurseForge Source link; no exact public tag or commit pinned."
"create-garnished-reworked.pw.toml","both","creategarnished-0.1.7.4+1.21.1-neoforged.jar","create-garnished-reworked","Create: Garnished Reworked","0.1.7.4","gameplay_primary","03_food_farming_cooking","https://github.com/DakotaPride/create-garnished-forge","github.com","repository_verified","source_aligned","official_project_source_link","https://www.curseforge.com/minecraft/mc-mods/create-garnished-reworked","Official CurseForge Source link matches the project despite the legacy repository name; no exact tag or commit pinned."
"create-integrated-farming.pw.toml","both","create-integrated-farming-1.3.3b.jar","create-integrated-farming","Create: Integrated Farming","1.3.3b","gameplay_primary","03_food_farming_cooking","https://github.com/DragonsPlusMinecraft/CreateIntegratedFarming","github.com","repository_verified","source_aligned","official_project_and_repository_identity_match","https://modrinth.com/mod/create-integrated-farming","Official Modrinth source link and repository metadata match the project; no exact tag or commit pinned."
"create-mechanical-botany.pw.toml","both","mechanical_botany-1.1.3+1.21.1-neoforged.jar","create-mechanical-botany","Create: Mechanical Botany","1.1.3","gameplay_primary","03_food_farming_cooking","https://github.com/DakotaPride/Create-Mechanical-Botany","github.com","repository_verified","source_aligned","official_project_source_link","https://www.curseforge.com/minecraft/mc-mods/create-mechanical-botany","Official CurseForge Source link; no exact public tag or commit pinned."
"create-mechanical-confection.pw.toml","both","createmechanicalconfection-0.3.0.jar","create-mechanical-confection","Create:Mechanical Confection","0.3.0","gameplay_primary","03_food_farming_cooking","https://github.com/Aupoex/Create-Mechanical-Confection","github.com","repository_verified","source_aligned","official_project_source_link","https://www.curseforge.com/minecraft/mc-mods/create-mechanical-confection","Official CurseForge Source link; no exact public tag or commit pinned."
"create-metalwork.pw.toml","both","createmetalwork-2.0.0.jar","create-metalwork","Create: Metalwork","2.0.0","gameplay_primary","02_create_engineering_transport_logistics","https://github.com/AverageAnime/create-metalwork","github.com","repository_verified","source_aligned","official_project_source_link","https://github.com/AverageAnime/create-metalwork","Official CurseForge Source link identifies the repository; no exact 2.0.0 tag or release was found in a brief check."
"create-misc-and-things.pw.toml","both","create_things_and_misc-4.1.1-neoforge-1.21.1.jar","create-misc-and-things","Create : Misc & Things","4.1.1","gameplay_primary","04_building_decor_general_content","","","no_verifiable_public_repository_found","not_applicable","official_project_page_and_repository_search_no_mapping","https://www.curseforge.com/minecraft/mc-mods/create-misc-and-things","Official project and Modrinth pages provide no Source link. Targeted project-name, author, and slug searches found no verifiable implementation repository as of 2026-09-07."
"create-mobile-packages.pw.toml","both","create_mobile_packages-1.21.1-0.7.7.jar","create-mobile-packages","Create: Mobile Packages","0.7.7","gameplay_primary","02_create_engineering_transport_logistics","https://github.com/timplay33/Create-Mobile-Packages","github.com","repository_verified","exact_release_or_tag","official_release_tag_and_source_metadata_match","https://github.com/timplay33/Create-Mobile-Packages/tree/1.21.1-0.7.7","Official source repository has exact tag 1.21.1-0.7.7 matching installed version 0.7.7."
"create-mob-spawners.pw.toml","both","create_mob_spawners-1.1.0.jar","create-mob-spawners","Create: Mob Spawners","1.1.0","gameplay_primary","02_create_engineering_transport_logistics","https://github.com/kvnmtz/create-mob-spawners","github.com","repository_verified","exact_release_or_tag","official_release_tag_and_source_metadata_match","https://github.com/kvnmtz/create-mob-spawners/tree/1.21.1-1.1.0","Official source repository has exact tag 1.21.1-1.1.0 matching installed version 1.1.0."
"create-more-package-couriers.pw.toml","both","cmpackagecouriers-neoforge-2.3.0.jar","create-more-package-couriers","Create More: Package Couriers","2.3.0","gameplay_primary","02_create_engineering_transport_logistics","https://github.com/rekales/create-more-package-couriers","github.com","repository_verified","source_aligned","official_project_source_link","https://github.com/rekales/create-more-package-couriers","Official CurseForge Source link identifies the repository; no exact 2.3.0 tag or release was found in a brief check."
"create-new-age.pw.toml","both","create-new-age-1.2.0+neoforge-mc1.21.1.jar","create-new-age","Create: New Age","1.2.0","gameplay_primary","02_create_engineering_transport_logistics","https://gitlab.com/antarcticgardens/create-new-age","gitlab.com","repository_verified","source_aligned","official_project_source_link","https://gitlab.com/antarcticgardens/create-new-age","Official CurseForge Source link identifies the repository; no exact 1.2.0 tag or release was found in a brief check."
"createnuclear.pw.toml","both","createnuclear-1.3.2-beta.3-neoforge.jar","createnuclear","Create Nuclear","1.3.2-beta.3","gameplay_primary","02_create_engineering_transport_logistics","https://github.com/Create-Nuclear-Team/CreateNuclearNeoForge","github.com","repository_verified","exact_source_commit","release-linked_source_commit_and_exact_provider_artifact","https://github.com/Create-Nuclear-Team/CreateNuclearNeoForge/tree/cde16a4f2a677c9317d991ddc493e1e9579e98f4","The selected release links this source commit; upstream license metadata differs between provider and repository, as documented in the rc.8 notes."
"create-nuclear-ore-gen-tweaks.pw.toml","both","cnoregen-1.0.0.jar","cnoregen","Create Nuclear Ore Gen Tweaks","1.0.0","gameplay_primary","05_worldgen_structures_adventure","https://github.com/Vasysik/cnoregen","github.com","repository_verified","source_aligned","public_source_tree_and_exact_provider_artifact","https://modrinth.com/mod/create-nuclear-ore-gen-tweaks/version/6ylgFHmW","Public source tree revision 406267e860f96e5cfa795d5435656f9e2e13525e was inspected; it was not asserted to be the exact release source."
"create-optical.pw.toml","both","create_optical-0.4.2.jar","create-optical","Create Optical","0.4.2","gameplay_primary","02_create_engineering_transport_logistics","https://github.com/luccaPossamai/optical","github.com","repository_verified","source_aligned","official_project_source_link","https://github.com/luccaPossamai/optical","Official CurseForge Source link identifies the repository; no exact 0.4.2 tag or release was found in a brief check."
"create-ornithopter-glider.pw.toml","both","createornithopterglider-1.2.0-1.21.1.jar","create-ornithopter-glider","Create: Ornithopter Glider","1.2.0","gameplay_primary","02_create_engineering_transport_logistics","https://github.com/Rerison-Alves/create_ornithopter_glider_neoforge","github.com","repository_verified","exact_release_or_tag","official_release_tag_and_source_metadata_match","https://github.com/Rerison-Alves/create_ornithopter_glider_neoforge/tree/1.2.0%2B1.21.1","Official source repository has exact tag 1.2.0+1.21.1 matching installed version 1.2.0."
"create-pattern-schematics.pw.toml","both","create_pattern_schematics-2.0.10.jar","create-pattern-schematics","Create: Pattern Schematics","2.0.10","gameplay_primary","02_create_engineering_transport_logistics","https://github.com/cakeGit/Pattern-Schematics-Multiloader","github.com","repository_verified","source_aligned","official_project_source_link","https://github.com/cakeGit/Pattern-Schematics-Multiloader","Official CurseForge Source link identifies the repository; no exact 2.0.10 tag or release was found in a brief check."
"create-petrochem.pw.toml","both","petrochem-neoforge-1.21.1-1.3.2.jar","create-petrochem","Create: Petrochem","1.3.2","gameplay_primary","02_create_engineering_transport_logistics","https://github.com/hadron13/Petrochem","github.com","repository_verified","source_aligned","official_project_source_link","https://www.curseforge.com/minecraft/mc-mods/create-petrochem","Official CurseForge Source link; no exact public tag or commit pinned."
"create-prismatic-shine.pw.toml","both","createprism-1.2.2.jar","create-prismatic-shine","Create: Prismatic Shine","1.2.2","gameplay_primary","02_create_engineering_transport_logistics","https://github.com/adonis-baffin/CreatePrism","github.com","repository_verified","source_aligned","official_project_and_repository_identity_match","https://www.curseforge.com/minecraft/mc-mods/create-prismatic-shine","Official project description links the matching implementation repository; no exact tag or commit pinned."
"createpropulsion.pw.toml","both","createpropulsion-1.1.5.jar","createpropulsion","Create Propulsion: Simulated","1.1.5","gameplay_primary","01_core_create_aeronautics_cc_weapons","https://github.com/Propulsion-Team/create-propulsion-simulated","github.com","repository_verified","exact_version_and_file","curseforge_file_page_export_manifest_and_public_source","https://www.curseforge.com/minecraft/mc-mods/create-propulsion-simulated/files/8496246","CurseForge projectID=1522736; fileID=8496246; author=kyivsec; category=01_core_create_aeronautics_cc_weapons Installed artifact filename verified from mods-files.txt; version resolved from the installed filename without inspecting JAR internals."
"create-railways-navigator.pw.toml","both","createrailwaysnavigator-neoforge-1.21.1-beta-0.9.1-C6.jar","create-railways-navigator","Create Railways Navigator","1.21.1-beta-0.9.1-C6","gameplay_support","06_qol_ui_maps_social_progression","https://github.com/MisterJulsen/Create-Train-Navigator","github.com","exact_commit_pinned","exact_commit","official_release_tag_and_source_metadata_match","https://github.com/MisterJulsen/Create-Train-Navigator/releases/tag/1.21.1-beta-0.9.1-C6","Official source repository and exact tag 1.21.1-beta-0.9.1-C6 identify release commit fea13b7."
"create-rolling-tones.pw.toml","both","rolling-tones-0.2.2.jar","create-rolling-tones","Create: Rolling Tones","0.2.2","gameplay_primary","02_create_engineering_transport_logistics","https://github.com/SnailPerson/Create-Rolling-Tones","github.com","repository_verified","source_aligned","official_project_source_link","https://www.curseforge.com/minecraft/mc-mods/create-rolling-tones","Official CurseForge Source link; no exact public tag or commit pinned."
"create-rubberworks.pw.toml","both","rubberworks-neoforge-1.21.1-1.1.4.jar","create-rubberworks","Create: Rubberworks","1.1.4","gameplay_primary","02_create_engineering_transport_logistics","https://github.com/hadron13/Rubberworks","github.com","repository_verified","source_aligned","official_project_source_link","https://www.curseforge.com/minecraft/mc-mods/create-rubberworks","Official CurseForge Source link; no exact public tag or commit pinned."
"create-sound-of-steam.pw.toml","both","pipeorgans-0.8.2+1.21.1.jar","create-sound-of-steam","Create: Sound of Steam","0.8.2","gameplay_primary","02_create_engineering_transport_logistics","https://github.com/CSOS-Team/SoundOfSteam","github.com","repository_verified","source_aligned","official_project_source_link","https://www.curseforge.com/minecraft/mc-mods/create-sound-of-steam","Official Source link redirects to the current organization repository; no exact tag or commit pinned."
"create-stock-market.pw.toml","both","create-stockmarket-1.1.0+mc1.21.1.jar","create-stock-market","Create: Stock Market","1.1.0","gameplay_primary","02_create_engineering_transport_logistics","https://github.com/Deokma/create-stockmarket","github.com","repository_verified","source_aligned","official_project_source_link","https://www.curseforge.com/minecraft/mc-mods/create-stock-market","Official CurseForge Source link; no exact public tag or commit pinned."
"create-stone-generators.pw.toml","both","create_generators-1.2.5-neoforge-1.21.1.jar","create-stone-generators","Create: Easy Stone Generators","1.2.5","gameplay_primary","02_create_engineering_transport_logistics","","","no_verifiable_public_repository_found","not_applicable","official_project_page_and_repository_search_no_mapping","https://www.curseforge.com/minecraft/mc-mods/create-stone-generators","Official project provides no valid implementation Source link. Targeted searches by project name, author, and project slug found no verifiable public implementation repository as of 2026-09-07."
"create-structures-arise.pw.toml","both","Create-Structures-Arise-1.21.1-NeoForge-176.49.49.jar","create_structures_arise","Create: Structures Arise","176.49.49","gameplay_primary","05_worldgen_structures_adventure","https://github.com/SmartStreamLabs/Create--Structures-Arise","github.com","repository_verified","source_aligned","public_source_tree_and_exact_provider_artifact","https://modrinth.com/mod/create-structures-arise/version/bSLlGvYn","Public source tree revision 59fa1eb18a586fb314be9a232a7efd2253c869b5 was inspected; it was not asserted to be the exact release source."
"create-stuff-additions.pw.toml","both","create-stuff-additions1.21.1_v2.1.4b.jar","create-stuff-additions","Create Stuff 'N Additions","2.1.4b","gameplay_primary","02_create_engineering_transport_logistics","","","no_verifiable_public_repository_found","not_applicable","official_project_page_and_repository_search_no_mapping","https://www.curseforge.com/minecraft/mc-mods/create-stuff-additions","Official Source link points to YouTube, not implementation source. Targeted searches by project name, author, and project slug found no verifiable public implementation repository as of 2026-09-07."
"create-tracks.pw.toml","both","tracks-neoforge-1.21.1-1.0.1.jar","tracks","Create: Tracks","1.0.1","gameplay_primary","02_create_engineering_transport_logistics","","","no_verifiable_public_repository_found","exact_installed_artifact","official_project_metadata_and_exact_artifact_inspection","https://modrinth.com/mod/create-tracks/version/V4hhNZeU","Official project metadata exposes no source or issue URL. The JAR contains Trackwork placeholder art under an ARR notice; Ch4oS does not bundle the JAR or those assets."
"create-trading-floor.pw.toml","both","trading_floor-3.0.16.jar","create-trading-floor","Create: Trading Floor","3.0.16","gameplay_primary","02_create_engineering_transport_logistics","https://github.com/cakeGit/Create-Trading-Floor","github.com","repository_verified","source_aligned","official_project_source_link","https://www.curseforge.com/minecraft/mc-mods/create-trading-floor","Official CurseForge Source link; no exact public tag or commit pinned."
"create-train-parts.pw.toml","both","create_train_parts-0.5.2-1.21.1-6.0.10-281.jar","create-train-parts","Create Train Parts","0.5.2","gameplay_primary","02_create_engineering_transport_logistics","https://github.com/TiesToetToet/Create-Train-Parts","github.com","repository_verified","source_aligned","official_project_source_link","https://github.com/TiesToetToet/Create-Train-Parts","Official CurseForge Source link identifies the repository; no exact 0.5.2 tag or release was found in a brief check."
"create-transmission.pw.toml","both","createtransmission-1.2.2+neoforge-create6-1.21.1.jar","create-transmission","Create: Transmission!","1.2.2","gameplay_primary","02_create_engineering_transport_logistics","https://github.com/SerpensSolida/CreateTransmission","github.com","repository_verified","source_aligned","official_project_source_link","https://www.curseforge.com/minecraft/mc-mods/create-transmission","Official CurseForge Source link; no exact public tag or commit pinned."
"create-tweaked-controllers.pw.toml","both","create_tweaked_controllers-1.21.1-1.2.7.jar","create-tweaked-controllers","Create: Tweaked Controllers","1.21.1-1.2.7","gameplay_primary","02_create_engineering_transport_logistics","https://github.com/getItemFromBlock/Create-Tweaked-Controllers","github.com","repository_verified","source_aligned","official_project_source_link","https://www.curseforge.com/minecraft/mc-mods/create-tweaked-controllers","Official CurseForge Source link; no exact public tag or commit pinned."
"create-vibrant-vaults.pw.toml","both","create_vibrant_vaults-0.3.2.jar","create-vibrant-vaults","Create: Vibrant Vaults","0.3.2","gameplay_primary","04_building_decor_general_content","https://github.com/ZLT9/create-vibrant-vaults","github.com","repository_verified","source_aligned","official_project_source_link","https://www.curseforge.com/minecraft/mc-mods/create-vibrant-vaults","Official CurseForge Source link; no exact public tag or commit pinned."
"create-winery.pw.toml","both","create_winery-2.0.2-neoforge-1.21.1.jar","create-winery","Create: Winery","2.0.2","gameplay_primary","03_food_farming_cooking","","","no_verifiable_public_repository_found","not_applicable","official_project_page_and_repository_search_no_mapping","https://www.curseforge.com/minecraft/mc-mods/create-winery","Official project provides no Source link. The author's similarly named GitHub repository contains translations only; targeted searches found no implementation repository as of 2026-09-07."
"create-wrapped.pw.toml","both","create_wrapped-1.0.3-neoforge-1.21.1.jar","create-wrapped","Create: Wrapped","1.0.3","gameplay_primary","04_building_decor_general_content","","","no_verifiable_public_repository_found","not_applicable","official_project_page_and_repository_search_no_mapping","https://www.curseforge.com/minecraft/mc-mods/create-wrapped","Official CurseForge and Modrinth pages provide no Source link. Targeted project-name, author, and slug searches found no verifiable implementation repository as of 2026-09-07."
"create-xaeros-map.pw.toml","both","sablexaeromaps-1.21.1-1.4.0.jar","create-xaeros-map","Create - Xaero's map","1.4.0","gameplay_support","06_qol_ui_maps_social_progression","","","no_verifiable_public_repository_found","not_applicable","official_project_page_and_repository_search_no_mapping","https://www.curseforge.com/minecraft/mc-mods/create-xaeros-map/files/8736099","Official CurseForge and Modrinth listings provide no Source link. Targeted project and author searches found no verifiable public implementation repository as of 2026-09-07."
"cupboard.pw.toml","both","cupboard-1.21.1-4.1.jar","cupboard","Cupboard","4.1","library_dependency","09_libraries_apis_compat_loaders","https://github.com/someaddons/cupboard","github.com","repository_verified","pending","official_project_source_link","https://github.com/someaddons/cupboard","Official project Source link resolves to the canonical repository; no exact installed release or tag was obvious."
"curios.pw.toml","both","curios-neoforge-9.5.1+1.21.1.jar","curios","Curios API","9.5.1","library_dependency","09_libraries_apis_compat_loaders","https://github.com/TheIllusiveC4/Curios","github.com","repository_verified","pending","official_project_source_link","https://github.com/TheIllusiveC4/Curios","Official project Source link resolves to the canonical repository; no exact installed release or tag was obvious."
"cut-through.pw.toml","both","CutThrough-v21.1.0-1.21.1-NeoForge.jar","cut-through","Cut Through","21.1.0","gameplay_support","06_qol_ui_maps_social_progression","https://github.com/Fuzss/cut-through","github.com","repository_verified","pending","official_project_source_link","https://github.com/Fuzss/cut-through","Official project Source link resolves to this implementation repository; no exact source tag was verified for version 21.1.0."
"despawn-tweaks.pw.toml","both","despawntweaks-neoforge-1.0.0-1.21.1.jar","despawn-tweaks","Despawn Tweaks","1.0.0","performance_infrastructure","08_performance_stability_networking","https://github.com/txnimc/DespawnTweaks","github.com","repository_verified","pending","official_project_source_link","https://github.com/txnimc/DespawnTweaks","The official CurseForge project Source link identifies this canonical implementation repository; no straightforward matching release or tag was verified."
"distanthorizons.pw.toml","both","DistantHorizons-3.2.0-b-1.21.1-fabric-neoforge.jar","distanthorizons","Distant Horizons","3.2.0-b","gameplay_primary","08_performance_stability_networking","","","source_not_rechecked_for_current_release","exact_installed_artifact","official_provider_release_and_installed_jar_metadata","https://modrinth.com/mod/distanthorizons/version/ZpKb4kZp","Current official provider artifact; public-source mapping was not refreshed for this supplemental release catalog."
"dragonlib.pw.toml","both","dragonlib-neoforge-1.21.1-beta-3.0.28.jar","dragonlib","DragonLib","beta-3.0.28","library_dependency","09_libraries_apis_compat_loaders","https://github.com/MisterJulsen/MC-DragonLib2","github.com","repository_verified","exact_release_or_tag","official_release_tag_and_source_metadata_match","https://github.com/MisterJulsen/MC-DragonLib2/tree/1.21.1-beta-3.0.28","Official source repository has exact tag 1.21.1-beta-3.0.28 matching the installed Minecraft 1.21.1 build."
"drippy-loading-screen.pw.toml","client","drippyloadingscreen_neoforge_3.1.5_MC_1.21.1.jar","drippy-loading-screen","Drippy Loading Screen","3.1.5","client_visual","07_visuals_menus_animation_shaders","https://github.com/Keksuccino/Drippy-Loading-Screen","github.com","repository_verified","pending","official_project_source_link","https://www.curseforge.com/minecraft/mc-mods/drippy-loading-screen","Official CurseForge Source link verifies the implementation repository; no exact public 3.1.5 tag or commit was identified."
"e4mc.pw.toml","client","e4mc-neoforge-6.2.1.jar","e4mc","e4mc","6.2.1","performance_infrastructure","08_performance_stability_networking","https://github.com/vgskye/e4mc-minecraft-architectury","github.com","repository_verified","pending","official_project_source_link","https://github.com/vgskye/e4mc-minecraft-architectury","The official CurseForge project Source link identifies this canonical implementation repository; no straightforward matching release or tag was verified."
"easy-anvils.pw.toml","both","EasyAnvils-v21.1.0-1.21.1-NeoForge.jar","easy-anvils","Easy Anvils","21.1.0","gameplay_support","06_qol_ui_maps_social_progression","https://github.com/Fuzss/easy-anvils","github.com","repository_verified","pending","official_project_source_link","https://github.com/Fuzss/easy-anvils","Official project Source link resolves to this implementation repository; no exact source tag was verified for version 21.1.0."
"easy-magic.pw.toml","both","EasyMagic-v21.1.4-1.21.1-NeoForge.jar","easy-magic","Easy Magic","21.1.4","gameplay_support","06_qol_ui_maps_social_progression","https://github.com/Fuzss/easy-magic","github.com","repository_verified","pending","official_project_source_link","https://github.com/Fuzss/easy-magic","Official project Source link resolves to this implementation repository; no exact source tag was verified for version 21.1.4."
"embers-log-filtering.pw.toml","both","logfilter-neoforge-1.21.1-1.1.2.jar","logfilter","Ember's Log Filtering","1.1.2","performance_stability","08_performance_stability_networking","https://git.tysontheember.dev/TysonTheEmber/LogFilter","git.tysontheember.dev","repository_verified","source_aligned","public_source_tree_and_exact_provider_artifact","https://modrinth.com/mod/embers-log-filtering/version/rxiqkrkD","Public source revision ad55645670ebea21c2f9c27961c5c4dc325c25c9 was inspected; the official download is not bundled."
"enchantment-descriptions.pw.toml","both","enchdesc-neoforge-1.21.1-21.1.11.jar","enchantment-descriptions","Enchantment Descriptions","21.1.11","gameplay_support","06_qol_ui_maps_social_progression","https://github.com/Darkhax-Minecraft/Enchantment-Descriptions","github.com","repository_verified","pending","official_project_source_link","https://github.com/Darkhax-Minecraft/Enchantment-Descriptions","Official project Source link resolves to this implementation repository; no exact source tag was verified for version 21.1.11."
"entity-model-features.pw.toml","client","entity_model_features-3.2.4-1.21-neoforge.jar","entity-model-features","[EMF] Entity Model Features [Fabric & Forge]","3.2.4","client_visual","07_visuals_menus_animation_shaders","https://github.com/Traben-0/Entity_Model_Features","github.com","repository_verified","source_aligned","official_project_source_link","https://www.curseforge.com/minecraft/mc-mods/entity-model-features","Official CurseForge Source link; repository changelog contains 3.2.4, but no exact public tag or commit was pinned."
"entity-texture-features-fabric.pw.toml","client","entity_texture_features_1.21-neoforge-7.1.jar","entity-texture-features-fabric","[ETF] Entity Texture Features - [Fabric & Forge]","7.1","client_visual","07_visuals_menus_animation_shaders","https://github.com/Traben-0/Entity_Texture_Features","github.com","repository_verified","source_aligned","official_project_source_link","https://www.curseforge.com/minecraft/mc-mods/entity-texture-features-fabric","Official CurseForge Source link; repository changelog contains 7.1, but no exact public tag or commit was pinned."
"epherolib.pw.toml","both","EpheroLib-1.21.1-NEO-FORGE-1.2.0.jar","epherolib","EpheroLib","1.2.0","library_dependency","09_libraries_apis_compat_loaders","https://github.com/ExcessiveAmountsOfZombies/EpheroLib","github.com","repository_verified","pending","official_project_source_link","https://github.com/ExcessiveAmountsOfZombies/EpheroLib","Official project Source link resolves to the canonical repository; no exact installed release or tag was obvious."
"euphoria-patches.pw.toml","client","EuphoriaPatcher-1.9.3-r5.8.1-neoforge.jar","euphoria-patches","Euphoria Patches","1.9.3-r5.8.1","client_visual","07_visuals_menus_animation_shaders","https://github.com/EuphoriaPatches/EuphoriaPatcher","github.com","repository_verified","pending","official_project_source_link","https://www.curseforge.com/minecraft/mc-mods/euphoria-patches","Official CurseForge Source link verifies the implementation repository; no exact public 1.9.3-r5.8.1 tag or commit was identified."
"extra-create-recipe.pw.toml","both","extra_create_recipes_1.21.1_v1.jar","extra-create-recipe","Extra Create Recipe","1","gameplay_integration","10_aoca_specific_authored_pack_layer","","","no_verifiable_public_repository_found","not_applicable","official_project_page_and_repository_search_no_mapping","https://www.curseforge.com/minecraft/mc-mods/extra-create-recipe/files/7370449","Official project provides no Source link. Author-profile review and targeted searches found no verifiable public implementation repository as of 2026-09-07."
"fancymenu.pw.toml","client","fancymenu_neoforge_3.9.12_MC_1.21.1.jar","fancymenu","FancyMenu","3.9.12","client_visual","07_visuals_menus_animation_shaders","https://github.com/Keksuccino/FancyMenu","github.com","repository_verified","pending","official_project_source_link","https://www.curseforge.com/minecraft/mc-mods/fancymenu","Official CurseForge Source link verifies the implementation repository; the repository has no public releases and no exact 3.9.12 tag or commit was identified."
"farmers-delight.pw.toml","both","FarmersDelight-1.21.1-1.3.3.jar","farmers-delight","Farmer's Delight","1.3.3","gameplay_primary","03_food_farming_cooking","https://github.com/vectorwing/FarmersDelight","github.com","repository_verified","source_aligned","official_project_source_link","https://www.curseforge.com/minecraft/mc-mods/farmers-delight","Official CurseForge Source link; no exact public tag or commit pinned."
"ferritecore.pw.toml","both","ferritecore-7.0.3-neoforge.jar","ferritecore","FerriteCore ((Neo)Forge)","7.0.3","performance_infrastructure","08_performance_stability_networking","https://github.com/malte0811/FerriteCore","github.com","repository_verified","exact_release_or_tag","official_release_tag_and_source_metadata_match","https://github.com/malte0811/FerriteCore/tree/build-7.0.3","Official source repository has exact tag build-7.0.3 matching the installed version."
"fix-gpu-memory-leak.pw.toml","client","gpumemleakfix-1.21-1.8.jar","fix-gpu-memory-leak","fix GPU memory leak","1.8","performance_infrastructure","08_performance_stability_networking","https://github.com/someaddons/gpumemleakfix","github.com","repository_verified","pending","official_project_source_link","https://github.com/someaddons/gpumemleakfix","The official CurseForge project Source link identifies this canonical implementation repository; no straightforward matching release or tag was verified."
"forgified-fabric-api.pw.toml","both","forgified-fabric-api-0.116.15+2.3.5+1.21.1.jar","forgified-fabric-api","Forgified Fabric API","0.116.15+2.3.5+1.21.1","library_dependency","09_libraries_apis_compat_loaders","https://github.com/Sinytra/ForgifiedFabricAPI","github.com","repository_verified","exact_release_or_tag","official_release_tag_and_source_metadata_match","https://github.com/Sinytra/ForgifiedFabricAPI/tree/0.116.15%2B2.3.5%2B1.21.1","Official source repository has exact tag 0.116.15+2.3.5+1.21.1 matching the installed version."
"framework.pw.toml","both","framework-neoforge-1.21.1-0.13.11.jar","framework","Framework","0.13.11","library_dependency","09_libraries_apis_compat_loaders","https://github.com/MrCrayfish/Framework","github.com","repository_verified","exact_release_or_tag","official_release_tag_and_source_metadata_match","https://github.com/MrCrayfish/Framework/tree/v1.21.1-0.13.11","Official source repository has exact tag v1.21.1-0.13.11 matching the installed Minecraft 1.21.1 build."
"ftb-filter-system.pw.toml","both","ftb-filter-system-neoforge-21.1.4.jar","ftb-filter-system","FTB Filter System","21.1.4","gameplay_support","06_qol_ui_maps_social_progression","https://github.com/FTBTeam/FTB-Filter-System","github.com","exact_commit_pinned","exact_commit","official_release_tag_and_source_metadata_match","https://github.com/FTBTeam/FTB-Filter-System/releases/tag/v21.1.4","Official source repository and exact tag v21.1.4 identify release commit d59059e."
"ftb-library-forge.pw.toml","both","ftb-library-neoforge-2101.1.35.jar","ftb-library-forge","FTB Library (NeoForge)","2101.1.35","library_dependency","09_libraries_apis_compat_loaders","https://github.com/FTBTeam/FTB-Library","github.com","repository_verified","exact_release_or_tag","official_release_tag_and_source_metadata_match","https://github.com/FTBTeam/FTB-Library/tree/v2101.1.35","Official source repository has exact tag v2101.1.35 matching the installed version."
"ftb-teams-forge.pw.toml","both","ftb-teams-neoforge-2101.1.11.jar","ftb-teams-forge","FTB Teams (NeoForge)","2101.1.11","gameplay_support","06_qol_ui_maps_social_progression","https://github.com/FTBTeam/FTB-Teams","github.com","exact_commit_pinned","exact_commit","official_release_tag_and_source_metadata_match","https://github.com/FTBTeam/FTB-Teams/releases/tag/v2101.1.11","Official source repository and exact tag v2101.1.11 identify release commit 47e8c4f."
"ftb-xmod-compat.pw.toml","both","ftb-xmod-compat-neoforge-21.1.11.jar","ftb-xmod-compat","FTB XMod Compat","21.1.11","library_dependency","09_libraries_apis_compat_loaders","https://github.com/FTBTeam/FTB-XMod-Compat","github.com","repository_verified","exact_release_or_tag","official_release_tag_and_source_metadata_match","https://github.com/FTBTeam/FTB-XMod-Compat/tree/v21.1.11","Official source repository has exact tag v21.1.11 matching the installed version."
"gallery.pw.toml","both","gallery-1.21.1-2.0.1.jar","gallery","Gallery","2.0.1","library_dependency","09_libraries_apis_compat_loaders","https://github.com/team-abnormals/gallery","github.com","repository_verified","pending","official_project_source_link","https://github.com/team-abnormals/gallery","Official project Source link resolves to the canonical repository; no exact installed release or tag was obvious."
"gears-n-kinetics.pw.toml","both","GnKinetics-1.21.1-1.0m.jar","gears-n-kinetics","Create: Gears n' Kinetics","1.0m","gameplay_primary","02_create_engineering_transport_logistics","","","no_verifiable_public_repository_found","not_applicable","official_project_page_and_repository_search_no_mapping","https://www.curseforge.com/minecraft/mc-mods/gears-n-kinetics","Official project provides no valid implementation Source link. Targeted searches by project name, author, and project slug found no verifiable public implementation repository as of 2026-09-07."
"geckolib.pw.toml","both","geckolib-neoforge-1.21.1-4.9.2.jar","geckolib","GeckoLib","4.9.2","library_dependency","09_libraries_apis_compat_loaders","https://github.com/bernie-g/geckolib","github.com","repository_verified","pending","official_project_source_link","https://github.com/bernie-g/geckolib","Official project Source link resolves to the canonical repository; no exact installed release or tag was obvious."
"handcrafted.pw.toml","both","handcrafted-neoforge-1.21.1-4.0.3.jar","handcrafted","Handcrafted","4.0.3","gameplay_primary","04_building_decor_general_content","https://github.com/terrarium-earth/Handcrafted","github.com","repository_verified","source_aligned","official_project_source_link","https://www.curseforge.com/minecraft/mc-mods/handcrafted","Official CurseForge Source link; no exact public tag or commit pinned."
"hypertubes.pw.toml","both","create_hypertube-0.6.0-NEOFORGE.jar","hypertubes","Create: Hypertubes","0.6.0","gameplay_primary","02_create_engineering_transport_logistics","https://github.com/PedroRok/CreateHypertubes","github.com","repository_verified","source_aligned","official_project_source_link","https://github.com/PedroRok/CreateHypertubes","Official CurseForge Source link identifies the repository; no exact 0.6.0 tag or release was found in a brief check."
"iceberg.pw.toml","both","Iceberg-1.21.1-neoforge-1.3.2.jar","iceberg","Iceberg [Neo/Forge]","1.3.2","library_dependency","09_libraries_apis_compat_loaders","https://github.com/AHilyard/Iceberg","github.com","repository_verified","pending","official_project_source_link","https://github.com/AHilyard/Iceberg","Official project Source link resolves to the canonical repository; no exact installed release or tag was obvious."
"idas.pw.toml","both","idas-1.13.7+1.21.1-neoforge.jar","idas","Integrated Dungeons and Structures","1.13.7","gameplay_primary","05_worldgen_structures_adventure","https://github.com/craisinlord/IDAS","github.com","repository_verified","source_aligned","official_project_source_link","https://www.curseforge.com/minecraft/mc-mods/idas","Official CurseForge Source link; no exact public tag or commit pinned."
"immediatelyfast.pw.toml","client","ImmediatelyFast-NeoForge-1.6.13+1.21.1.jar","immediatelyfast","ImmediatelyFast","1.6.13+1.21.1","performance_infrastructure","08_performance_stability_networking","https://github.com/RaphiMC/ImmediatelyFast","github.com","repository_verified","pending","official_project_source_link","https://github.com/RaphiMC/ImmediatelyFast","The official CurseForge project Source link identifies this canonical implementation repository; no straightforward matching release or tag was verified."
"immersive-aircraft.pw.toml","both","immersive_aircraft-1.4.6+1.21.1-neoforge.jar","immersive-aircraft","Immersive Aircraft","1.4.6","gameplay_primary","02_create_engineering_transport_logistics","https://github.com/Luke100000/ImmersiveAircraft","github.com","repository_verified","source_aligned","official_project_source_link","https://www.curseforge.com/minecraft/mc-mods/immersive-aircraft","Official CurseForge Source link; no exact public tag or commit pinned."
"industrialized-architecture.pw.toml","both","i_architecture-0.1.1b.jar","industrialized-architecture","Create: Industrialized Architecture","0.1.1b","gameplay_primary","04_building_decor_general_content","","","no_verifiable_public_repository_found","not_applicable","official_project_page_and_repository_search_no_mapping","https://www.curseforge.com/minecraft/mc-mods/industrialized-architecture","Official project provides no Source link. Unchanged MIT-licensed mirror: https://github.com/Cha0sCollective/Create-Ch4os-Packwiz/releases/tag/industrialized-architecture-0.1.1b. Original CurseForge project 1316585 file 7350975 retained."
"integrated-api.pw.toml","both","integrated_api-neoforge-1.21.1-1.8.0.jar","integrated-api","Integrated API","1.8.0","library_dependency","09_libraries_apis_compat_loaders","https://github.com/craisinlord/IntegratedAPI","github.com","repository_verified","pending","official_project_source_link","https://github.com/craisinlord/IntegratedAPI","Official project Source link resolves to the canonical repository; no exact installed release or tag was obvious."
"integrated-stronghold.pw.toml","both","integrated_stronghold-1.1.4+1.21.1-neoforge.jar","integrated-stronghold","Integrated Stronghold","1.1.4","gameplay_primary","05_worldgen_structures_adventure","https://github.com/craisinlord/Integrated-Stronghold","github.com","repository_verified","pending","official_project_source_link","https://www.curseforge.com/minecraft/mc-mods/integrated-stronghold","Official Source link verifies the implementation repository, but its visible public history does not provide an obvious 1.21.1 release, tag, or commit match."
"integrated-villages.pw.toml","both","integrated_villages-1.3.3+1.21.1-neoforge.jar","integrated-villages","Integrated Villages","1.3.3","gameplay_primary","05_worldgen_structures_adventure","","","no_verifiable_public_repository_found","not_applicable","official_project_page_and_repository_search_no_mapping","https://www.curseforge.com/minecraft/mc-mods/integrated-villages","Official project provides no Source link. Modrinth and targeted project-name, author, and slug searches found no verifiable implementation repository as of 2026-09-07."
"iris-search.pw.toml","both","IrisSearch-1.6.1-neoforge.jar","iris-search","Iris & Oculus Search","1.6.1","client_visual","07_visuals_menus_animation_shaders","https://github.com/SpacEagle17/IrisSearch","github.com","repository_verified","pending","official_project_source_link","https://www.curseforge.com/minecraft/mc-mods/iris-search","Official CurseForge Source link verifies the implementation repository; no exact public 1.6.1 tag or commit was identified."
"irisshaders.pw.toml","both","iris-neoforge-1.8.14-beta.1+mc1.21.1.jar","irisshaders","Iris Shaders","1.8.14-beta.1+mc1.21.1","client_visual","07_visuals_menus_animation_shaders","https://github.com/IrisShaders/Iris","github.com","repository_verified","pending","official_project_source_link","https://www.curseforge.com/minecraft/mc-mods/irisshaders","Official CurseForge Source link verifies the implementation repository; no exact public 1.8.14-beta.1+mc1.21.1 tag or commit was identified."
"item-highlighter.pw.toml","both","Highlighter-1.21-neoforge-1.1.11.jar","item-highlighter","Item Highlighter [Neo/Forge]","1.1.11","gameplay_support","06_qol_ui_maps_social_progression","https://github.com/AHilyard/Highlighter","github.com","repository_verified","pending","official_project_source_link","https://github.com/AHilyard/Highlighter","Official project Source link resolves to this implementation repository; no exact source tag was verified for version 1.1.11."
"jade.pw.toml","both","Jade-1.21.1-NeoForge-15.10.6.jar","jade","Jade 🔍","15.10.6","gameplay_support","06_qol_ui_maps_social_progression","https://github.com/Snownee/Jade","github.com","repository_verified","pending","official_project_source_link","https://github.com/Snownee/Jade","Official project Source link resolves to this implementation repository; no exact source tag was verified for version 15.10.6."
"jade-addons.pw.toml","both","JadeAddons-1.21.1-NeoForge-6.1.0.jar","jade-addons","Jade Addons (Neo/Forge)","6.1.0","gameplay_support","06_qol_ui_maps_social_progression","https://github.com/Snownee/JadeAddons","github.com","repository_verified","pending","official_project_source_link","https://github.com/Snownee/JadeAddons","Official project Source link resolves to this implementation repository; no exact source tag was verified for version 6.1.0."
"jade-sable-compat.pw.toml","both","sablejade-1.3.0.jar","jade-sable-compat","Jade Sable Compat","1.3.0","library_dependency","09_libraries_apis_compat_loaders","https://github.com/Maks-gaming/Jade-Sable-Compat","github.com","repository_verified","pending","official_project_source_link","https://github.com/Maks-gaming/Jade-Sable-Compat","Official Modrinth View source link identifies the implementation repository; no exact 1.3.0 release or tag was obvious."
"jei.pw.toml","both","jei-1.21.1-neoforge-19.44.0.405.jar","jei","Just Enough Items (JEI)","19.44.0.405","gameplay_support","06_qol_ui_maps_social_progression","https://github.com/mezz/JustEnoughItems","github.com","repository_verified","pending","official_project_source_link","https://github.com/mezz/JustEnoughItems","Official project Source link resolves to this implementation repository; no exact source tag was verified for version 19.44.0.405."
"justenoughbreeding.pw.toml","both","justenoughbreeding-neoforge-1.21.1-3.2.1.jar","justenoughbreeding","Just Enough Breeding (JEBr)","3.2.1","gameplay_support","06_qol_ui_maps_social_progression","https://github.com/Christofmeg/JustEnoughBreeding","github.com","repository_verified","pending","official_project_source_link","https://github.com/Christofmeg/JustEnoughBreeding","Official project Source link resolves to this implementation repository; no exact source tag was verified for version 3.2.1."
"just-enough-professions-jep.pw.toml","both","JustEnoughProfessions-neoforge-1.21.1-4.0.5.jar","just-enough-professions-jep","Just Enough Professions (JEP)","4.0.5","gameplay_support","06_qol_ui_maps_social_progression","https://github.com/Mrbysco/JustEnoughProfessions","github.com","repository_verified","pending","official_project_source_link","https://github.com/Mrbysco/JustEnoughProfessions","Official project Source link resolves to this implementation repository; no exact source tag was verified for version 4.0.5."
"just-enough-resources-jer.pw.toml","both","JustEnoughResources-NeoForge-1.21.1-1.6.0.17.jar","just-enough-resources-jer","Just Enough Resources (JER)","1.6.0.17","gameplay_support","06_qol_ui_maps_social_progression","https://github.com/way2muchnoise/JustEnoughResources","github.com","repository_verified","pending","official_project_source_link","https://github.com/way2muchnoise/JustEnoughResources","Official project Source link resolves to this implementation repository; no exact source tag was verified for version 1.6.0.17."
"konkrete.pw.toml","both","konkrete_neoforge_1.9.9_MC_1.21.jar","konkrete","Konkrete","1.9.9","library_dependency","09_libraries_apis_compat_loaders","https://github.com/Keksuccino/Konkrete","github.com","repository_verified","pending","official_project_source_link","https://github.com/Keksuccino/Konkrete","Official project Source link resolves to the canonical repository; no exact installed release or tag was obvious."
"kotlin-for-forge.pw.toml","both","kotlinforforge-5.12.0-all.jar","kotlin-for-forge","Kotlin for Forge","5.12.0-all","library_dependency","09_libraries_apis_compat_loaders","https://github.com/thedarkcolour/KotlinForForge","github.com","repository_verified","pending","official_project_source_link","https://github.com/thedarkcolour/KotlinForForge","Official project Source link resolves to the canonical repository; no exact installed release or tag was obvious."
"leaky.pw.toml","both","leaky-1.21-3.3.jar","leaky","Leaky - Item Lag Fix","3.3","performance_infrastructure","08_performance_stability_networking","https://github.com/someaddons/Leaky","github.com","repository_verified","pending","official_project_source_link","https://github.com/someaddons/Leaky","The official CurseForge project Source link identifies this canonical implementation repository; no straightforward matching release or tag was verified."
"lithium.pw.toml","both","lithium-neoforge-0.15.4+mc1.21.1.jar","lithium","Lithium (Fabric/NeoForge)","0.15.4","performance_infrastructure","08_performance_stability_networking","https://github.com/CaffeineMC/lithium","github.com","repository_verified","exact_release_or_tag","official_release_tag_and_source_metadata_match","https://github.com/CaffeineMC/lithium/tree/mc1.21.1-0.15.4","Official source repository has exact tag mc1.21.1-0.15.4 matching the installed Minecraft 1.21.1 build."
"lithostitched.pw.toml","both","lithostitched-1.8.0+beta4-neoforge-21.1.jar","lithostitched","Lithostitched","1.8.0+beta4","gameplay_primary","05_worldgen_structures_adventure","https://github.com/Apollounknowndev/lithostitched","github.com","repository_verified","source_aligned","official_project_source_link","https://www.curseforge.com/minecraft/mc-mods/lithostitched","Official CurseForge Source link; no exact public tag or commit pinned."
"lmft.pw.toml","both","lmft-1.1.1+1.21.9-neoforge.jar","lmft","Load My F***ing Tags","1.1.1+1.21.9","performance_infrastructure","08_performance_stability_networking","https://github.com/Dragon-Seeker/LoadMyFingTags","github.com","repository_verified","pending","official_project_source_link","https://github.com/Dragon-Seeker/LoadMyFingTags","The official CurseForge project Source link identifies this canonical implementation repository; no straightforward matching release or tag was verified."
"loot-integrations.pw.toml","both","lootintegrations-1.21.1-4.7.jar","loot-integrations","Loot Integrations","4.7","gameplay_primary","05_worldgen_structures_adventure","https://github.com/someaddons/LootIntegrations","github.com","repository_verified","pending","official_project_source_link","https://www.curseforge.com/minecraft/mc-mods/loot-integrations","Official Source link verifies the implementation repository, but no exact public 4.7 release, tag, or commit was evident."
"melody.pw.toml","both","melody_neoforge_1.0.10_MC_1.21.jar","melody","Melody","1.0.10","library_dependency","09_libraries_apis_compat_loaders","https://github.com/Keksuccino/Melody","github.com","repository_verified","pending","official_project_source_link","https://github.com/Keksuccino/Melody","Official project Source link resolves to the canonical repository; no exact installed release or tag was obvious."
"modernfix.pw.toml","both","modernfix-neoforge-5.27.20+mc1.21.1.jar","modernfix","ModernFix","5.27.20","performance_infrastructure","08_performance_stability_networking","https://github.com/embeddedt/ModernFix","github.com","repository_verified","pending","official_project_source_link","https://github.com/embeddedt/ModernFix","The official CurseForge project Source link identifies this canonical implementation repository; no straightforward matching release or tag was verified."
"mouse-tweaks.pw.toml","client","MouseTweaks-neoforge-mc1.21-2.26.1.jar","mouse-tweaks","Mouse Tweaks","2.26.1","gameplay_support","06_qol_ui_maps_social_progression","https://github.com/YaLTeR/MouseTweaks","github.com","repository_verified","pending","official_project_source_link","https://github.com/YaLTeR/MouseTweaks","Official project Source link resolves to this implementation repository; no exact source tag was verified for version 2.26.1."
"neruina.pw.toml","both","neruina-3.3.3+1.21.1-neoforge.jar","neruina","Neruina - Ticking Entity Fixer","3.3.3","performance_infrastructure","08_performance_stability_networking","https://github.com/Bawnorton/Neruina","github.com","repository_verified","pending","official_project_source_link","https://github.com/Bawnorton/Neruina","The official CurseForge project Source link identifies this canonical implementation repository; no straightforward matching release or tag was verified."
"netherportalfix.pw.toml","both","netherportalfix-neoforge-1.21.1-21.1.1.jar","netherportalfix","NetherPortalFix","21.1.1","performance_infrastructure","08_performance_stability_networking","https://github.com/TwelveIterations/NetherPortalFix","github.com","repository_verified","exact_release_or_tag","official_release_tag_and_source_metadata_match","https://github.com/TwelveIterations/NetherPortalFix/tree/v21.1.1","Official source repository has exact tag v21.1.1 matching the installed version."
"no-chat-reports.pw.toml","both","NoChatReports-NEOFORGE-1.21.1-v2.9.1.jar","no-chat-reports","No Chat Reports","2.9.1","gameplay_support","06_qol_ui_maps_social_progression","https://github.com/Aizistral-Studios/No-Chat-Reports","github.com","repository_verified","pending","official_project_source_link","https://github.com/Aizistral-Studios/No-Chat-Reports","Official project Source link resolves to this implementation repository; no exact source tag was verified for version 2.9.1."
"no-chat-restrictions.pw.toml","both","NoChatRestrictions-NeoForge-MC1.21.11-v1.0.2.jar","no-chat-restrictions","No Chat Restrictions","1.0.2","gameplay_support","06_qol_ui_maps_social_progression","https://github.com/Aizistral-Studios/No-Chat-Restrictions","github.com","repository_verified","pending","official_project_source_link","https://github.com/Aizistral-Studios/No-Chat-Restrictions","Official project Source link resolves to this implementation repository; no exact source tag was verified for version 1.0.2."
"not-enough-animations.pw.toml","client","notenoughanimations-neoforge-1.12.4-mc1.21.1.jar","not-enough-animations","Not Enough Animations","1.12.4","client_visual","07_visuals_menus_animation_shaders","https://github.com/tr7zw/NotEnoughAnimations","github.com","exact_commit_pinned","exact_commit","official_release_tag_and_source_metadata_match","https://github.com/tr7zw/NotEnoughAnimations/releases/tag/1.12.4","Official 1.12.4 release includes the Minecraft 1.21.1 artifact and maps to commit dd7e5e191839de8044b8bc942304e2b1ead7950f."
"numismatics.pw.toml","both","CreateNumismatics-1.1.0+neoforge-mc1.21.1.jar","numismatics","Numismatics","1.1.0","gameplay_primary","02_create_engineering_transport_logistics","https://github.com/Layers-of-Railways/CreateNumismatics","github.com","repository_verified","source_aligned","public_source_tree_and_exact_provider_artifact","https://modrinth.com/mod/numismatics/version/kVi3TESX","Public source tree revision 56a5907fd34255c8cfd9a37c116800f7a5d92d3a was inspected; it was not asserted to be the exact release source."
"open-parties-and-claims.pw.toml","both","open-parties-and-claims-neoforge-1.21.1-0.30.3.jar","open-parties-and-claims","Open Parties and Claims","0.30.3","gameplay_support","06_qol_ui_maps_social_progression","https://github.com/thexaero/open-parties-and-claims","github.com","repository_verified","pending","official_project_source_link","https://github.com/thexaero/open-parties-and-claims","Official project Source link resolves to this implementation repository; no exact source tag was verified for version 0.30.3."
"packet-fixer.pw.toml","both","packetfixer-3.3.1-1.20.5-1.21.X-merged.jar","packet-fixer","Packet Fixer","3.3.1","performance_infrastructure","08_performance_stability_networking","https://github.com/TonimatasDEV/PacketFixer","github.com","repository_verified","pending","official_project_source_link","https://github.com/TonimatasDEV/PacketFixer","The official CurseForge project Source link identifies this canonical implementation repository; no straightforward matching release or tag was verified."
"patchouli.pw.toml","both","Patchouli-1.21.1-93-NEOFORGE.jar","patchouli","Patchouli","93","gameplay_support","06_qol_ui_maps_social_progression","https://github.com/VazkiiMods/Patchouli","github.com","exact_commit_pinned","exact_commit","official_release_tag_and_source_metadata_match","https://github.com/VazkiiMods/Patchouli/releases/tag/release-1.21.1-93","Official source repository and exact tag release-1.21.1-93 identify release commit 0c2fdff."
"paxi-neoforge.pw.toml","both","Paxi-1.21.1-NeoForge-5.1.3.jar","paxi-neoforge","Paxi (NeoForge) [1.20.4 - 1.21.1 ONLY]","5.1.3","library_dependency","09_libraries_apis_compat_loaders","https://github.com/YUNG-GANG/Paxi","github.com","repository_verified","pending","official_project_source_link","https://github.com/YUNG-GANG/Paxi","Official project Source link resolves to the canonical repository; no exact installed release or tag was obvious."
"personality.pw.toml","both","personality-1.21.1-5.0.2.jar","personality","Personality","5.0.2","gameplay_support","06_qol_ui_maps_social_progression","https://github.com/team-abnormals/personality","github.com","repository_verified","pending","official_project_source_link","https://github.com/team-abnormals/personality","Official project Source link resolves to this implementation repository; no exact source tag was verified for version 5.0.2."
"pick-up-notifier.pw.toml","both","PickUpNotifier-v21.1.1-1.21.1-NeoForge.jar","pick-up-notifier","Pick Up Notifier","21.1.1","gameplay_support","06_qol_ui_maps_social_progression","https://github.com/Fuzss/pick-up-notifier","github.com","repository_verified","pending","official_project_source_link","https://github.com/Fuzss/pick-up-notifier","Official project Source link resolves to this implementation repository; no exact source tag was verified for version 21.1.1."
"pinout.pw.toml","both","pinout-0.2.1.jar","pinout","CC;CPG: Pinout","0.2.1","gameplay_primary","01_core_create_aeronautics_cc_weapons","https://github.com/INEEDCHATPROGRAAAAAMS/CC-cpg-pinout","github.com","repository_verified","exact_installed_jar_metadata","installed_override_jar_neoforge_metadata_modrinth_version_and_public_source","https://modrinth.com/mod/cccpg-pinout/version/UJtJCpBi","Manual override JAR included in the exported pack; internal modId=pinout; Shenanigans addition over AoCA 2.5. Installed artifact filename verified from mods-files.txt; version resolved from the installed filename without inspecting JAR internals."
"placebo.pw.toml","both","Placebo-1.21.1-9.9.2.jar","placebo","Placebo","9.9.2","library_dependency","09_libraries_apis_compat_loaders","https://github.com/Shadows-of-Fire/Placebo","github.com","repository_verified","pending","official_project_source_link","https://github.com/Shadows-of-Fire/Placebo","Official project Source link resolves to the canonical repository; no exact installed release or tag was obvious."
"playeranimator.pw.toml","both","player-animation-lib-forge-2.0.4+1.21.1.jar","playeranimator","playerAnimator","2.0.4+1.21.1","client_visual","07_visuals_menus_animation_shaders","https://github.com/KosmX/minecraftPlayerAnimator","github.com","repository_verified","pending","official_project_source_link","https://www.curseforge.com/minecraft/mc-mods/playeranimator","Official CurseForge Source link redirects to the canonical repository; no exact public 2.0.4+1.21.1 tag or commit was identified."
"polymorph.pw.toml","both","polymorph-neoforge-1.1.0+1.21.1.jar","polymorph","Polymorph (Fabric/Forge/Quilt)","1.1.0","gameplay_support","06_qol_ui_maps_social_progression","https://github.com/illusivesoulworks/polymorph","github.com","repository_verified","source_aligned","official_project_and_repository_identity_match","https://github.com/illusivesoulworks/polymorph/blob/1.21.x/CHANGELOG.md","The official 1.21.x changelog records version 1.1.0+1.21.1; no exact release tag was verified."
"powergrid.pw.toml","both","powergrid-mc1.21.1-0.6.1.jar","powergrid","Create: Power Grid","0.6.1","gameplay_primary","01_core_create_aeronautics_cc_weapons","https://github.com/patryk3211/PowerGrid","github.com","repository_verified","exact_release_or_tag","official_release_tag_and_source_metadata_match","https://github.com/patryk3211/PowerGrid/tree/v0.6.1","Official source repository has exact tag v0.6.1 matching installed version 0.6.1."
"prickle.pw.toml","both","prickle-neoforge-1.21.1-21.1.11.jar","prickle","Prickle","21.1.11","library_dependency","09_libraries_apis_compat_loaders","https://github.com/Darkhax-Minecraft/PrickleMC","github.com","repository_verified","pending","official_project_source_link","https://github.com/Darkhax-Minecraft/PrickleMC","Official project Source link resolves to the canonical repository; no exact installed release or tag was obvious."
"puzzles-lib.pw.toml","both","PuzzlesLib-v21.1.52-1.21.1-NeoForge.jar","puzzles-lib","Puzzles Lib","21.1.52","library_dependency","09_libraries_apis_compat_loaders","https://github.com/Fuzss/puzzles-lib","github.com","repository_verified","pending","official_project_source_link","https://github.com/Fuzss/puzzles-lib","Official project Source link resolves to the canonical repository; no exact installed release or tag was obvious."
"quark.pw.toml","both","Quark-4.1-482.jar","quark","Quark","4.1-482","gameplay_primary","04_building_decor_general_content","https://github.com/VazkiiMods/Quark","github.com","exact_commit_pinned","exact_commit","official_release_tag_and_source_metadata_match","https://github.com/VazkiiMods/Quark/releases/tag/release-4.1-482%2B1.21.1","Official release tag release-4.1-482+1.21.1 matches the installed version and identifies commit b02bf25."
"recipe-essentials-forge-fabric.pw.toml","both","recipeessentials-1.21.1-4.7.jar","recipe-essentials-forge-fabric","Recipe Essentials","4.7","performance_infrastructure","08_performance_stability_networking","https://github.com/someaddons/recipeessentials","github.com","repository_verified","pending","official_project_source_link","https://github.com/someaddons/recipeessentials","The official CurseForge project Source link identifies this canonical implementation repository; no straightforward matching release or tag was verified."
"redirected.pw.toml","both","redirected-neoforge-1.0.0-1.21.1.jar","redirected","Redirected","1.0.0","library_dependency","09_libraries_apis_compat_loaders","https://github.com/txnimc/Redirected","github.com","repository_verified","pending","official_project_source_link","https://github.com/txnimc/Redirected","Official project Source link resolves to the canonical repository; no exact installed release or tag was obvious."
"reliable-recipes.pw.toml","both","reliable_recipes-neoforge-1.21.1-3.1.5.jar","reliable-recipes","Reliable Recipes","3.1.5","performance_infrastructure","08_performance_stability_networking","https://github.com/evanbones/Reliable-Recipes","github.com","repository_verified","pending","official_project_source_link","https://github.com/evanbones/Reliable-Recipes","The official CurseForge project Source link identifies this canonical implementation repository; no straightforward matching release or tag was verified."
"reliable-remover.pw.toml","both","reliable_remover-neoforge-1.21.1-2.12.1.jar","reliable-remover","Reliable Remover","2.12.1","performance_infrastructure","08_performance_stability_networking","https://github.com/evanbones/Reliable-Remover","github.com","repository_verified","pending","official_project_source_link","https://github.com/evanbones/Reliable-Remover","The official CurseForge project Source link identifies this canonical implementation repository; no straightforward matching release or tag was verified."
"resourceful-lib.pw.toml","both","resourcefullib-neoforge-1.21-3.0.12.jar","resourceful-lib","Resourceful Lib","3.0.12","library_dependency","09_libraries_apis_compat_loaders","https://github.com/Team-Resourceful/ResourcefulLib","github.com","repository_verified","exact_release_or_tag","official_release_tag_and_source_metadata_match","https://github.com/Team-Resourceful/ResourcefulLib/tree/v3.0.12","Official source repository has exact tag v3.0.12 matching the installed version."
"resource-pack-overrides.pw.toml","both","ResourcePackOverrides-v21.1.0-1.21.1-NeoForge.jar","resource-pack-overrides","Resource Pack Overrides","21.1.0","client_visual","07_visuals_menus_animation_shaders","https://github.com/Fuzss/resource-pack-overrides","github.com","repository_verified","pending","official_project_source_link","https://www.curseforge.com/minecraft/mc-mods/resource-pack-overrides","Official CurseForge Source link verifies the implementation repository; no exact public 21.1.0 tag or commit was identified."
"ritchiesprojectilelib.pw.toml","both","ritchiesprojectilelib-2.1.2-mc.1.21.1-neoforge.jar","ritchiesprojectilelib","Ritchie's Projectile Library","2.1.2","gameplay_primary","01_core_create_aeronautics_cc_weapons","https://github.com/Wagers-of-Industrial-Warfare/RitchiesProjectileLib","github.com","repository_verified","exact_release_or_tag","official_release_tag_and_source_metadata_match","https://github.com/Wagers-of-Industrial-Warfare/RitchiesProjectileLib/tree/v2.1.2","Filename punctuation changed in the current official CurseForge artifact; version 2.1.2 and the existing exact source tag mapping remain unchanged."
"sable.pw.toml","both","sable-neoforge-1.21.1-2.0.5.jar","sable","Sable","2.0.5","gameplay_primary","01_core_create_aeronautics_cc_weapons","https://github.com/ryanhcode/sable","github.com","repository_verified","exact_release_or_tag","official_release_tag_and_source_metadata_match","https://github.com/ryanhcode/sable/tree/mc1.21.1-2.0.5-neoforge","Official source repository has exact tag mc1.21.1-2.0.5-neoforge matching installed version 2.0.5."
"sable_sa_compat.pw.toml","both","SableStuffAdditionsCompat v1.0.3-1.21.1.jar","sable_sa_compat","Create Stuff 'N Additions x Sable & Aeronautics Compat","1.0.3","gameplay_primary","01_core_create_aeronautics_cc_weapons","https://github.com/wachipayox/Sable-Stuff-Additions-Compat","github.com","repository_verified","exact_curseforge_file_id","curseforge_export_manifest_and_modlist","https://www.curseforge.com/minecraft/mc-mods/create-stuff-n-additions-x-sable-aeronautics/files/8158810","CurseForge projectID=1541139; fileID=8158810; author=Wachipayoxx64; category=01_core_create_aeronautics_cc_weapons; Semantic version and managed JAR filename are not embedded in the CurseForge export; the exact installed artifact is pinned by CurseForge file ID. Installed artifact filename verified from mods-files.txt; version resolved from the installed filename without inspecting JAR internals."
"searchables.pw.toml","both","Searchables-neoforge-1.21.1-1.0.2.jar","searchables","Searchables","1.0.2","gameplay_support","06_qol_ui_maps_social_progression","https://github.com/jaredlll08/searchables","github.com","repository_verified","pending","official_project_source_link","https://github.com/jaredlll08/searchables","Official project Source link resolves to this implementation repository; no exact source tag was verified for version 1.0.2."
"selene.pw.toml","both","moonlight-1.21.1-3.5.2-neoforge.jar","selene","Moonlight Lib","3.5.2","library_dependency","09_libraries_apis_compat_loaders","https://github.com/MehVahdJukaar/Moonlight","github.com","repository_verified","exact_release_or_tag","official_release_tag_and_source_metadata_match","https://github.com/MehVahdJukaar/Moonlight/tree/1.21.1-3.5.2","Official source repository has exact tag 1.21.1-3.5.2 matching the installed Minecraft 1.21.1 build."
"server-browser.pw.toml","both","serverbrowser-neoforge-1.4.2-1.21.1.jar","server-browser","Server Browser - In Game Server Listings","1.4.2","gameplay_support","06_qol_ui_maps_social_progression","https://github.com/ExcessiveAmountsOfZombies/ServerBrowser","github.com","repository_verified","pending","official_project_source_link","https://github.com/ExcessiveAmountsOfZombies/ServerBrowser","Official project Source link resolves to this implementation repository; no exact source tag was verified for version 1.4.2."
"simple-discord-rpc.pw.toml","both","SimpleRPC-4.1.4.jar","simple-discord-rpc","Simple Discord RPC","4.1.4","gameplay_support","06_qol_ui_maps_social_progression","https://github.com/firstdarkdev/simple-rpc","github.com","repository_verified","pending","official_project_source_link","https://github.com/firstdarkdev/simple-rpc","Official project Source link resolves to this implementation repository; no exact source tag was verified for version 4.1.4."
"sinytra-connector.pw.toml","both","connector-2.0.0-beta.17+1.21.1-full.jar","sinytra-connector","Sinytra Connector","2.0.0-beta.17","library_dependency","09_libraries_apis_compat_loaders","https://github.com/Sinytra/Connector","github.com","repository_verified","exact_release_or_tag","official_release_tag_and_source_metadata_match","https://github.com/Sinytra/Connector/tree/2.0.0-beta.17%2B1.21.1","Official source repository has exact tag 2.0.0-beta.17+1.21.1 matching the installed Minecraft 1.21.1 build."
"skin-layers-3d.pw.toml","client","skinlayers3d-neoforge-1.11.2-mc1.21.1.jar","skin-layers-3d","Skin Layers 3D","1.11.2","client_visual","07_visuals_menus_animation_shaders","https://github.com/tr7zw/3d-Skin-Layers","github.com","exact_commit_pinned","exact_commit","official_release_tag_and_source_metadata_match","https://github.com/tr7zw/3d-Skin-Layers/releases/tag/1.11.2","Official 1.11.2 release includes the Minecraft 1.21.1 artifact and maps to commit 2b968abd033107e21fed282340d328a0287c4162."
"sliceanddice.pw.toml","both","sliceanddice-4.3.3-neoforge.jar","sliceanddice","Create Slice & Dice","4.3.3","gameplay_primary","03_food_farming_cooking","https://github.com/PssbleTrngle/SliceAndDice","github.com","exact_commit_pinned","exact_commit","official_release_tag_and_source_metadata_match","https://github.com/PssbleTrngle/SliceAndDice/releases/tag/4.3.3","Official release tag 4.3.3 matches Minecraft 1.21.1 and identifies commit bd69dc1."
"smarter-farmers-farmers-replant.pw.toml","both","smarterfarmers-1.21-2.2.4-neoforge.jar","smarter-farmers-farmers-replant","Smarter Farmers (farmers replant)","2.2.4","gameplay_primary","03_food_farming_cooking","https://github.com/MehVahdJukaar/SmarterFarmers","github.com","repository_verified","source_aligned","official_project_source_link","https://www.curseforge.com/minecraft/mc-mods/smarter-farmers-farmers-replant","Official CurseForge Source link; no exact public tag or commit pinned."
"smooth-chunk-save.pw.toml","both","smoothchunk-1.21-4.1.jar","smooth-chunk-save","Server Performance - Smooth Chunk Save","4.1","performance_infrastructure","08_performance_stability_networking","https://github.com/someaddons/smoothchunksave","github.com","repository_verified","pending","official_project_source_link","https://github.com/someaddons/smoothchunksave","The official CurseForge project Source link identifies this canonical implementation repository; no straightforward matching release or tag was verified."
"snassets-library.pw.toml","both","snassets-1.0.2.jar","snassets-library","SnAssets Library - General","1.0.2","library_dependency","09_libraries_apis_compat_loaders","","","no_verifiable_public_repository_found","not_applicable","official_project_page_and_repository_search_no_mapping","https://www.curseforge.com/minecraft/mc-mods/snassets-library/files/8603518","Official project provides no Source link. Targeted searches by project name, author, and slug found no verifiable public implementation repository as of 2026-09-07."
"sodium.pw.toml","client","sodium-neoforge-0.8.13+mc1.21.1.jar","sodium","Sodium","0.8.13+mc1.21.1","performance_infrastructure","08_performance_stability_networking","https://github.com/CaffeineMC/sodium","github.com","repository_verified","pending","official_project_source_link","https://github.com/CaffeineMC/sodium","The official CurseForge project Source link identifies this canonical implementation repository; no straightforward matching release or tag was verified."
"sodium-extra.pw.toml","client","sodium-extra-neoforge-0.9.3+mc1.21.1.jar","sodium-extra","Sodium Extra","0.9.3+mc1.21.1","performance_infrastructure","08_performance_stability_networking","https://github.com/FlashyReese/sodium-extra","github.com","repository_verified","pending","official_project_source_link","https://github.com/FlashyReese/sodium-extra","The official CurseForge project Source link identifies this canonical implementation repository; no straightforward matching release or tag was verified."
"some-assembly-required.pw.toml","both","someassemblyrequired-5.2.8.jar","some-assembly-required","Create: Some Assembly Required","5.2.8","gameplay_primary","03_food_farming_cooking","https://github.com/ochotonida/some-assembly-required","github.com","repository_verified","source_aligned","official_project_source_link","https://www.curseforge.com/minecraft/mc-mods/some-assembly-required","Official CurseForge Source link; no exact public tag or commit pinned."
"structure-essentials-forge-fabric.pw.toml","both","structureessentials-1.21.1-5.0.jar","structure-essentials-forge-fabric","Structure Essentials","5.0","gameplay_primary","05_worldgen_structures_adventure","","","no_verifiable_public_repository_found","not_applicable","official_project_page_and_repository_search_no_mapping","https://www.curseforge.com/minecraft/mc-mods/structure-essentials-forge-fabric","Official Source link points to a README-only repository with no implementation source. Targeted searches found no other public implementation repository as of 2026-09-07."
"strut-your-stuff.pw.toml","both","struts-1.3.0.jar","strut-your-stuff","Strut Your Stuff (Struts)","1.3.0","gameplay_primary","04_building_decor_general_content","https://github.com/cakeGit/StrutYourStuff","github.com","repository_verified","source_aligned","official_project_source_link","https://www.curseforge.com/minecraft/mc-mods/strut-your-stuff","Official CurseForge Source link and repository README identify the Struts library; no exact tag or commit pinned."
"supplementaries.pw.toml","both","supplementaries-1.21.1-3.9.5-neoforge.jar","supplementaries","Supplementaries","3.9.5","gameplay_primary","04_building_decor_general_content","https://github.com/MehVahdJukaar/Supplementaries","github.com","exact_commit_pinned","exact_commit","official_release_tag_and_source_metadata_match","https://github.com/MehVahdJukaar/Supplementaries/releases/tag/1.21.1-3.9.5","Official tag 1.21.1-3.9.5 matches the installed version and identifies commit a5e6a1e."
"tectonic.pw.toml","both","tectonic-3.0.28-neoforge-21.1.jar","tectonic","Tectonic","3.0.28","gameplay_primary","05_worldgen_structures_adventure","https://github.com/Apollounknowndev/tectonic","github.com","repository_verified","source_aligned","public_source_tree_and_exact_provider_artifact","https://modrinth.com/mod/tectonic/version/n4iyW7aB","Public source tree revision 34241bdb35acda67b5367d49f354c66c05e098e2 was inspected; it was not asserted to be the exact release source."
"terrablender-neoforge.pw.toml","both","TerraBlender-neoforge-1.21.1-4.1.0.8.jar","terrablender-neoforge","TerraBlender (NeoForge)","4.1.0.8","gameplay_primary","05_worldgen_structures_adventure","https://github.com/Glitchfiend/TerraBlender","github.com","repository_verified","source_aligned","official_project_source_link","https://www.curseforge.com/minecraft/mc-mods/terrablender-neoforge","Official CurseForge Source link; no exact public tag or commit pinned."
"terralith.pw.toml","both","Terralith_1.21.1_v2.6.2_Neoforge.jar","terralith","Terralith","2.6.2","gameplay_primary","05_worldgen_structures_adventure","https://github.com/Stardust-Labs-MC/Terralith","github.com","repository_verified","source_aligned","public_source_tree_and_exact_provider_artifact","https://modrinth.com/mod/terralith/version/IY93YaEe","Public source tree revision 5d7b5c58ec302c20328214f92c2a033b180dfdf2 was inspected; it was not asserted to be the exact release source."
"toast-control.pw.toml","client","ToastControl-1.21.1-9.0.1.jar","toast-control","Toast Control","9.0.1","gameplay_support","06_qol_ui_maps_social_progression","https://github.com/Shadows-of-Fire/Toast-Control","github.com","repository_verified","pending","official_project_source_link","https://github.com/Shadows-of-Fire/Toast-Control","Official project Source link resolves to this implementation repository; no exact source tag was verified for version 9.0.1."
"tradeworks.pw.toml","both","tradeworks-1.0.7.jar","tradeworks","Create: Tradeworks","1.0.7","gameplay_primary","02_create_engineering_transport_logistics","https://github.com/LIUKRAST/Tradeworks","github.com","repository_verified","source_aligned","official_project_source_link","https://www.curseforge.com/minecraft/mc-mods/tradeworks","Official CurseForge Source link; no exact public tag or commit pinned."
"trading-post.pw.toml","both","TradingPost-v21.1.1-1.21.1-NeoForge.jar","trading-post","Trading Post","21.1.1","gameplay_support","06_qol_ui_maps_social_progression","https://github.com/Fuzss/trading-post","github.com","repository_verified","source_aligned","official_project_and_repository_identity_match","https://github.com/Fuzss/trading-post/tree/1.21.1","The official repository documents a maintained Minecraft 1.21.1 source branch; no exact 21.1.1 tag was verified."
"txnilib.pw.toml","both","txnilib-neoforge-1.0.24-1.21.1.jar","txnilib","TxniLib","1.0.24","library_dependency","09_libraries_apis_compat_loaders","https://github.com/txnimc/TxniLib","github.com","repository_verified","pending","official_project_source_link","https://github.com/txnimc/TxniLib","Official project Source link resolves to the canonical repository; no exact installed release or tag was obvious."
"visual-workbench.pw.toml","both","VisualWorkbench-v21.1.1-1.21.1-NeoForge.jar","visual-workbench","Visual Workbench","21.1.1","gameplay_support","06_qol_ui_maps_social_progression","https://github.com/Fuzss/visual-workbench","github.com","repository_verified","source_aligned","official_project_and_repository_identity_match","https://github.com/Fuzss/visual-workbench/tree/1.21.1","The official repository provides a Minecraft 1.21.1 source branch; no exact 21.1.1 tag was verified."
"what-are-they-up-to.pw.toml","both","watut-neoforge-1.21.0-1.2.7.jar","what-are-they-up-to","What Are They Up To (Watut)","1.2.7","gameplay_support","06_qol_ui_maps_social_progression","https://github.com/Corosauce/WATUT","github.com","repository_verified","pending","official_project_source_link","https://github.com/Corosauce/WATUT","Official project Source link resolves to this implementation repository; no exact source tag was verified for version 1.2.7."
"xaeros-minimap.pw.toml","both","xaerominimap-neoforge-1.21.1-26.4.2.jar","xaeros-minimap","Xaero's Minimap","26.4.2","gameplay_support","06_qol_ui_maps_social_progression","","","no_verifiable_public_repository_found","not_applicable","official_project_page_and_repository_search_no_mapping","https://www.curseforge.com/minecraft/mc-mods/xaeros-minimap/files/8449819","Official CurseForge and Modrinth listings provide only issue or support links and ARR licensing; targeted searches found no public implementation repository as of 2026-09-07."
"xaeros-world-map.pw.toml","both","xaeroworldmap-neoforge-1.21.1-1.45.0.jar","xaeros-world-map","Xaero's World Map","1.45.0","gameplay_support","06_qol_ui_maps_social_progression","","","no_verifiable_public_repository_found","not_applicable","official_project_page_and_repository_search_no_mapping","https://www.curseforge.com/minecraft/mc-mods/xaeros-world-map/files/8698659","Official CurseForge and Modrinth listings provide only issue or support links and ARR licensing; targeted searches found no public implementation repository as of 2026-09-07."
"yacl.pw.toml","both","yet_another_config_lib_v3-3.8.2+1.21.1-neoforge.jar","yacl","YetAnotherConfigLib","3.8.2","library_dependency","09_libraries_apis_compat_loaders","https://github.com/isXander/YetAnotherConfigLib","github.com","repository_verified","pending","official_project_source_link","https://github.com/isXander/YetAnotherConfigLib","Official project Source link resolves to the canonical repository; no exact installed release or tag was obvious."
"yungs-api-neoforge.pw.toml","both","YungsApi-1.21.1-NeoForge-5.1.8.jar","yungs-api-neoforge","YUNG's API (NeoForge) [1.20.4-1.21.1 ONLY]","5.1.8","library_dependency","09_libraries_apis_compat_loaders","https://github.com/YUNG-GANG/YUNGs-API","github.com","repository_verified","pending","official_project_source_link","https://github.com/YUNG-GANG/YUNGs-API","Official project Source link resolves to the canonical repository; no exact installed release or tag was obvious."
"yungs-better-mineshafts.pw.toml","both","YungsBetterMineshafts-1.21.1-NeoForge-5.1.1.jar","bettermineshafts","YUNG's Better Mineshafts","5.1.1","gameplay_primary","05_worldgen_structures_adventure","https://github.com/YUNG-GANG/YUNGs-Better-Mineshafts","github.com","repository_verified","source_aligned","public_source_tree_and_exact_provider_artifact","https://modrinth.com/mod/yungs-better-mineshafts/version/Go3nbneL","Public source tree revision 89399904d42d059e31dd3e0bdf3ab7d3560fab8a was inspected; it was not asserted to be the exact release source."
"zeta.pw.toml","both","Zeta-1.1-40.jar","zeta","Zeta","1.1-40","library_dependency","09_libraries_apis_compat_loaders","https://github.com/VazkiiMods/Zeta","github.com","repository_verified","exact_release_or_tag","official_release_tag_and_source_metadata_match","https://github.com/VazkiiMods/Zeta/tree/release-1.1-40%2B1.21.1","Official source repository has exact tag release-1.1-40+1.21.1 matching the installed Minecraft 1.21.1 build."
